"CBSA","CBSA Code","Year","Days with AQI","Good Days","Moderate Days","Unhealthy for Sensitive Groups Days","Unhealthy Days","Very Unhealthy Days","Hazardous Days","Max AQI","90th Percentile AQI","Median AQI","Days CO","Days NO2","Days Ozone","Days PM2.5","Days PM10"
"Aberdeen, SD","10100",2000,103,84,19,0,0,0,0,77,54,30,0,0,0,84,19
"Adrian, MI","10300",2000,182,138,38,4,2,0,0,154,77,44,0,0,182,0,0
"Aguadilla-Isabela, PR","10380",2000,92,87,5,0,0,0,0,73,35,22,0,0,0,92,0
"Akron, OH","10420",2000,366,98,238,27,3,0,0,185,93,60,2,0,88,271,5
"Alamogordo, NM","10460",2000,56,54,2,0,0,0,0,56,34,16,0,0,0,0,56
"Albany, GA","10500",2000,115,40,70,5,0,0,0,122,85,54,0,0,0,107,8
"Albany, OR","10540",2000,115,93,20,2,0,0,0,122,72,26,0,0,0,115,0
"Albany-Schenectady-Troy, NY","10580",2000,366,291,68,6,1,0,0,179,68,37,8,0,284,74,0
"Albert Lea, MN","10660",2000,50,34,15,1,0,0,0,106,79,35,0,0,0,34,16
"Albuquerque, NM","10740",2000,366,123,208,35,0,0,0,147,100,58,0,18,237,67,44
"Alexandria, LA","10780",2000,357,226,106,25,0,0,0,150,93,44,0,0,290,67,0
"Alexandria, MN","10820",2000,13,11,2,0,0,0,0,69,52,21,0,0,0,10,3
"Allentown-Bethlehem-Easton, PA-NJ","10900",2000,366,156,177,27,4,2,0,212,97,54,0,38,106,214,8
"Alpena, MI","10980",2000,78,62,16,0,0,0,0,79,58,27,0,0,0,78,0
"Altoona, PA","11020",2000,366,319,36,9,2,0,0,177,58,35,9,169,184,0,4
"Amarillo, TX","11100",2000,57,52,5,0,0,0,0,64,47,26,0,0,0,57,0
"Americus, GA","11140",2000,245,128,74,38,5,0,0,187,108,50,0,0,245,0,0
"Ames, IA","11180",2000,257,203,51,3,0,0,0,115,68,36,0,0,188,69,0
"Anchorage, AK","11260",2000,305,257,47,1,0,0,0,115,54,30,132,0,0,77,96
"Ann Arbor, MI","11460",2000,365,244,108,11,2,0,0,161,77,42,0,0,295,70,0
"Appleton, WI","11540",2000,242,190,50,2,0,0,0,136,65,37,0,0,162,80,0
"Ardmore, OK","11620",2000,300,162,98,28,11,1,0,205,105,49,0,0,254,46,0
"Arkadelphia, AR","11660",2000,347,265,57,25,0,0,0,147,90,39,0,0,347,0,0
"Asheville, NC","11700",2000,299,103,142,45,9,0,0,179,119,61,0,0,225,73,1
"Ashtabula, OH","11780",2000,212,138,53,18,2,1,0,201,100,44,0,0,212,0,0
"Athens, OH","11900",2000,98,53,45,0,0,0,0,93,73,45,0,0,0,82,16
"Athens, TN","11940",2000,363,276,82,5,0,0,0,138,66,29,0,259,0,91,13
"Athens-Clarke County, GA","12020",2000,92,23,64,5,0,0,0,142,84,62,0,0,0,92,0
"Atlanta-Sandy Springs-Roswell, GA","12060",2000,366,50,201,67,35,13,0,235,161,76,0,13,146,207,0
"Atlantic City-Hammonton, NJ","12100",2000,358,275,69,11,3,0,0,185,74,37,0,0,308,49,1
"Auburn, IN","12140",2000,59,56,3,0,0,0,0,55,36,22,0,0,0,0,59
"Augusta-Richmond County, GA-SC","12260",2000,365,171,132,53,7,2,0,206,115,54,0,8,280,77,0
"Augusta-Waterville, ME","12300",2000,212,193,18,1,0,0,0,115,49,32,0,0,183,0,29
"Austin-Round Rock, TX","12420",2000,366,177,154,25,10,0,0,187,100,52,0,5,161,200,0
"Bakersfield, CA","12540",2000,366,52,110,95,100,9,0,213,179,111,1,16,228,118,3
"Baltimore-Columbia-Towson, MD","12580",2000,366,117,190,42,15,2,0,215,119,61,0,37,131,197,1
"Bangor, ME","12620",2000,365,346,17,2,0,0,0,105,45,34,0,0,362,0,3
"Baraboo, WI","12660",2000,179,135,37,7,0,0,0,147,71,42,0,0,179,0,0
"Barnstable Town, MA","12700",2000,275,220,41,11,2,1,0,222,84,36,0,7,268,0,0
"Barre, VT","12740",2000,117,82,34,1,0,0,0,121,65,34,0,0,0,111,6
"Baton Rouge, LA","12940",2000,366,114,165,53,28,6,0,217,147,63,0,16,166,182,2
"Battle Creek, MI","12980",2000,40,38,2,0,0,0,0,51,45,23,0,0,0,0,40
"Bay City, MI","13020",2000,39,27,12,0,0,0,0,84,75,35,0,0,0,39,0
"Beaumont-Port Arthur, TX","13140",2000,366,213,96,39,17,1,0,210,122,46,0,8,260,98,0
"Beaver Dam, WI","13180",2000,344,258,80,5,1,0,0,154,68,40,0,0,284,60,0
"Beckley, WV","13220",2000,120,60,59,1,0,0,0,102,75,52,0,0,0,116,4
"Bellingham, WA","13380",2000,235,210,25,0,0,0,0,79,51,30,0,0,135,97,3
"Bend-Redmond, OR","13460",2000,356,302,52,2,0,0,0,111,57,26,42,0,0,273,41
"Bennington, VT","13540",2000,279,227,48,3,1,0,0,164,60,34,0,0,169,107,3
"Berlin, NH-VT","13620",2000,202,148,53,1,0,0,0,112,66,41,0,0,116,58,28
"Big Stone Gap, VA","13720",2000,41,41,0,0,0,0,0,40,30,19,0,0,0,0,41
"Billings, MT","13740",2000,348,323,24,1,0,0,0,102,44,18,248,0,0,93,7
"Binghamton, NY","13780",2000,101,62,39,0,0,0,0,91,71,40,0,0,0,101,0
"Birmingham-Hoover, AL","13820",2000,366,24,234,74,28,6,0,214,147,80,35,0,89,228,14
"Bishop, CA","13860",2000,366,184,123,32,4,2,21,10736,126,50,0,0,284,3,79
"Bismarck, ND","13900",2000,365,352,13,0,0,0,0,70,47,34,0,1,329,35,0
"Blackfoot, ID","13940",2000,40,30,10,0,0,0,0,91,63,34,0,0,0,0,40
"Blacksburg-Christiansburg-Radford, VA","13980",2000,345,205,99,39,2,0,0,161,101,45,0,0,345,0,0
"Bloomington, IL","14010",2000,55,25,29,1,0,0,0,112,83,52,0,0,0,55,0
"Bloomington, IN","14020",2000,174,101,59,10,4,0,0,174,93,48,0,0,174,0,0
"Bluefield, WV-VA","14140",2000,112,57,54,0,1,0,0,170,74,49,0,0,0,110,2
"Blytheville, AR","14180",2000,20,8,12,0,0,0,0,86,84,57,0,0,0,20,0
"Boise City, ID","14260",2000,366,293,67,6,0,0,0,117,61,37,146,60,0,67,93
"Boston-Cambridge-Newton, MA-NH","14460",2000,366,124,224,17,1,0,0,185,84,58,0,59,54,250,3
"Boulder, CO","14500",2000,366,274,87,5,0,0,0,126,69,42,39,0,259,55,13
"Bowling Green, KY","14540",2000,366,186,153,22,5,0,0,182,93,50,0,32,238,96,0
"Bozeman, MT","14580",2000,348,319,25,2,2,0,0,167,43,11,209,0,0,88,51
"Brainerd, MN","14660",2000,12,10,1,1,0,0,0,103,95,10,0,0,0,6,6
"Breckenridge, CO","14720",2000,120,113,6,1,0,0,0,114,43,17,0,0,0,0,120
"Bremerton-Silverdale, WA","14740",2000,63,48,15,0,0,0,0,68,59,35,0,0,0,63,0
"Bridgeport-Stamford-Norwalk, CT","14860",2000,366,241,94,24,6,1,0,220,91,43,11,131,152,71,1
"Brookings, SD","15100",2000,133,111,22,0,0,0,0,91,58,28,0,0,0,88,45
"Brownsville, TN","15140",2000,222,110,66,38,8,0,0,187,119,51,0,0,222,0,0
"Brownsville-Harlingen, TX","15180",2000,366,334,31,1,0,0,0,101,49,31,9,0,290,62,5
"Brunswick, GA","15260",2000,282,171,105,6,0,0,0,147,83,47,0,0,194,80,8
"Bucyrus, OH","15340",2000,347,282,56,8,1,0,0,195,74,36,0,0,347,0,0
"Buffalo-Cheektowaga-Niagara Falls, NY","15380",2000,366,236,119,8,3,0,0,187,77,44,0,132,147,87,0
"Burley, ID","15420",2000,57,54,3,0,0,0,0,53,40,20,0,0,0,0,57
"Burlington, NC","15500",2000,104,37,66,1,0,0,0,104,76,56,0,0,0,104,0
"Burlington-South Burlington, VT","15540",2000,316,272,40,4,0,0,0,133,56,36,2,79,176,58,1
"Butte-Silver Bow, MT","15580",2000,366,324,36,3,3,0,0,191,55,22,194,0,0,60,112
"Cadillac, MI","15620",2000,362,336,21,4,1,0,0,182,46,28,0,122,240,0,0
"Cambridge, MD","15700",2000,362,260,60,34,8,0,0,195,105,37,0,0,362,0,0
"Canton-Massillon, OH","15940",2000,365,214,126,20,5,0,0,190,88,45,49,0,170,92,54
"Cape Coral-Fort Myers, FL","15980",2000,366,292,62,11,1,0,0,172,74,39,0,0,323,42,1
"Carbondale-Marion, IL","16060",2000,60,58,2,0,0,0,0,51,39,19,0,0,0,0,60
"Carlsbad-Artesia, NM","16100",2000,366,262,101,3,0,0,0,115,71,43,0,12,302,52,0
"Carson City, NV","16180",2000,366,281,85,0,0,0,0,97,67,44,38,0,328,0,0
"Casper, WY","16220",2000,57,57,0,0,0,0,0,42,28,13,0,0,0,0,57
"Ca¤on City, CO","15860",2000,60,59,1,0,0,0,0,90,20,15,0,0,0,0,60
"Cedar Rapids, IA","16300",2000,366,228,130,7,1,0,0,161,75,45,14,1,145,202,4
"Centralia, WA","16500",2000,195,180,15,0,0,0,0,98,48,29,0,0,120,75,0
"Chambersburg-Waynesboro, PA","16540",2000,207,119,60,25,3,0,0,179,108,47,0,0,207,0,0
"Champaign-Urbana, IL","16580",2000,366,257,94,13,2,0,0,161,78,41,0,0,320,46,0
"Charleston, WV","16620",2000,260,120,121,17,2,0,0,159,99,54,0,0,163,96,1
"Charleston-North Charleston, SC","16700",2000,366,147,198,17,4,0,0,174,90,54,0,4,141,221,0
"Charlotte-Concord-Gastonia, NC-SC","16740",2000,366,81,205,54,23,3,0,222,136,65,1,15,143,207,0
"Charlottesville, VA","16820",2000,60,57,3,0,0,0,0,61,40,19,0,0,0,0,60
"Chattanooga, TN-GA","16860",2000,289,115,123,40,9,2,0,205,122,58,0,0,193,95,1
"Cheyenne, WY","16940",2000,116,111,5,0,0,0,0,57,37,21,0,0,0,106,10
"Chicago-Naperville-Elgin, IL-IN-WI","16980",2000,366,34,270,52,10,0,0,190,113,75,0,50,64,235,17
"Chico, CA","17020",2000,361,226,88,40,7,0,0,174,108,44,16,41,260,25,19
"Cincinnati, OH-KY-IN","17140",2000,366,50,272,34,10,0,0,200,107,68,0,13,100,253,0
"Claremont-Lebanon, NH-VT","17200",2000,365,334,28,2,1,0,0,159,49,35,0,0,343,21,1
"Clarksburg, WV","17220",2000,115,45,69,1,0,0,0,103,76,54,0,0,0,112,3
"Clarksville, TN-KY","17300",2000,363,180,138,40,5,0,0,179,112,51,0,12,274,77,0
"Clearlake, CA","17340",2000,366,350,15,1,0,0,0,108,44,34,0,0,362,4,0
"Cleveland, MS","17380",2000,285,141,104,39,1,0,0,156,108,51,0,0,204,81,0
"Cleveland, TN","17420",2000,352,338,13,1,0,0,0,110,39,25,0,317,0,0,35
"Cleveland-Elyria, OH","17460",2000,366,86,225,47,8,0,0,190,108,69,4,19,80,251,12
"Clinton, IA","17540",2000,357,259,93,5,0,0,0,150,71,40,0,0,172,75,110
"Coeur d'Alene, ID","17660",2000,364,331,33,0,0,0,0,99,46,21,0,0,0,101,263
"Coffeyville, KS","17700",2000,352,346,6,0,0,0,0,63,37,19,0,0,0,0,352
"Colorado Springs, CO","17820",2000,366,184,158,24,0,0,0,140,93,50,13,143,159,22,29
"Columbia, SC","17900",2000,366,141,167,51,7,0,0,192,115,59,0,24,197,64,81
"Columbus, GA-AL","17980",2000,285,104,128,45,7,1,0,208,115,62,0,0,192,93,0
"Columbus, IN","18020",2000,131,124,7,0,0,0,0,58,41,19,0,0,0,0,131
"Columbus, MS","18060",2000,117,43,73,1,0,0,0,116,79,55,0,0,0,117,0
"Columbus, OH","18140",2000,366,87,238,36,3,2,0,203,105,63,0,0,115,243,8
"Concord, NH","18180",2000,256,221,33,2,0,0,0,119,55,30,0,0,174,69,13
"Cookeville, TN","18260",2000,271,96,126,40,9,0,0,182,119,62,0,0,215,56,0
"Corning, NY","18500",2000,305,228,77,0,0,0,0,99,63,32,0,0,0,305,0
"Corpus Christi, TX","18580",2000,366,296,58,11,1,0,0,161,64,36,0,0,287,69,10
"Corvallis, OR","18700",2000,120,98,21,1,0,0,0,107,65,23,0,0,0,120,0
"Crescent City, CA","18860",2000,134,133,1,0,0,0,0,53,29,14,0,0,0,87,47
"Cullowhee, NC","19000",2000,223,76,108,36,3,0,0,174,112,64,0,0,191,32,0
"Dallas-Fort Worth-Arlington, TX","19100",2000,366,102,189,40,29,6,0,206,147,61,0,25,161,178,2
"Dalton, GA","19140",2000,232,77,99,47,9,0,0,185,126,67,0,0,211,21,0
"Daphne-Fairhope-Foley, AL","19300",2000,257,111,96,39,10,1,0,205,129,54,0,0,215,42,0
"Davenport-Moline-Rock Island, IA-IL","19340",2000,366,141,214,10,1,0,0,151,80,56,0,0,112,185,69
"Dayton, OH","19380",2000,366,89,246,27,3,1,0,201,98,63,8,0,99,258,1
"DeRidder, LA","19760",2000,361,286,55,17,3,0,0,169,80,37,0,0,361,0,0
"Decatur, AL","19460",2000,284,113,119,45,7,0,0,187,119,58,0,0,205,74,5
"Decatur, IL","19500",2000,366,268,93,5,0,0,0,147,71,40,0,0,268,98,0
"Deltona-Daytona Beach-Ormond Beach, FL","19660",2000,366,274,82,9,1,0,0,164,71,42,0,0,306,51,9
"Deming, NM","19700",2000,51,51,0,0,0,0,0,36,28,15,0,0,0,0,51
"Denver-Aurora-Lakewood, CO","19740",2000,366,101,214,50,1,0,0,159,108,61,2,84,162,79,39
"Des Moines-West Des Moines, IA","19780",2000,366,201,158,6,1,0,0,151,81,48,11,0,123,183,49
"Detroit-Warren-Dearborn, MI","19820",2000,366,112,222,29,3,0,0,185,97,63,1,52,53,235,25
"Dickinson, ND","19860",2000,366,348,18,0,0,0,0,74,48,36,0,0,349,17,0
"Dodge City, KS","19980",2000,59,59,0,0,0,0,0,44,36,17,0,0,0,0,59
"Dothan, AL","20020",2000,102,45,56,1,0,0,0,120,79,54,0,0,0,94,8
"Dover, DE","20100",2000,269,155,95,14,3,2,0,205,90,47,0,0,181,88,0
"DuBois, PA","20180",2000,214,161,39,12,2,0,0,197,87,44,0,0,214,0,0
"Duluth, MN-WI","20260",2000,366,302,62,2,0,0,0,119,58,36,31,0,254,67,14
"Dunn, NC","20380",2000,60,60,0,0,0,0,0,48,40,23,0,0,0,0,60
"Durango, CO","20420",2000,366,285,81,0,0,0,0,90,59,42,0,27,256,5,78
"Durham-Chapel Hill, NC","20500",2000,365,118,198,43,6,0,0,182,106,60,8,0,130,227,0
"Dyersburg, TN","20540",2000,106,45,61,0,0,0,0,93,73,53,0,0,0,106,0
"Edwards, CO","20780",2000,45,45,0,0,0,0,0,32,20,11,0,0,0,0,45
"Effingham, IL","20820",2000,229,175,47,7,0,0,0,147,71,42,0,0,229,0,0
"El Centro, CA","20940",2000,366,142,171,41,10,2,0,208,115,59,32,83,176,39,36
"El Dorado, AR","20980",2000,97,39,57,1,0,0,0,101,77,54,0,0,0,97,0
"El Paso, TX","21340",2000,366,114,210,40,2,0,0,179,105,61,33,58,181,58,36
"Elizabeth City, NC","21020",2000,257,173,79,5,0,0,0,147,74,44,0,0,177,77,3
"Elizabethtown-Fort Knox, KY","21060",2000,262,148,101,9,4,0,0,179,91,48,0,0,182,77,3
"Elkhart-Goshen, IN","21140",2000,226,154,66,6,0,0,0,126,75,43,0,0,139,87,0
"Elko, NV","21220",2000,243,233,10,0,0,0,0,66,43,17,0,0,0,36,207
"Ellensburg, WA","21260",2000,124,119,5,0,0,0,0,81,36,17,0,0,0,68,56
"Elmira, NY","21300",2000,346,307,33,5,1,0,0,161,54,33,0,0,346,0,0
"Enid, OK","21420",2000,354,310,41,3,0,0,0,115,53,19,0,258,0,96,0
"Erie, PA","21500",2000,366,286,70,8,2,0,0,177,67,38,35,121,162,47,1
"Espa¤ola, NM","21580",2000,45,45,0,0,0,0,0,39,18,8,0,0,0,45,0
"Eugene, OR","21660",2000,366,224,111,25,6,0,0,161,95,44,14,0,109,240,3
"Eureka-Arcata-Fortuna, CA","21700",2000,77,63,14,0,0,0,0,76,60,28,0,0,0,57,20
"Evansville, IN-KY","21780",2000,366,182,149,32,3,0,0,169,100,51,3,107,165,89,2
"Fairbanks, AK","21820",2000,243,169,63,8,3,0,0,169,81,32,128,0,0,114,1
"Fairmont, WV","21900",2000,110,42,65,3,0,0,0,110,83,56,0,0,0,103,7
"Fargo, ND-MN","22020",2000,366,334,31,1,0,0,0,101,49,33,0,39,284,43,0
"Farmington, NM","22140",2000,366,220,118,28,0,0,0,150,93,47,0,33,317,16,0
"Fayetteville, NC","22180",2000,366,200,129,32,5,0,0,182,101,47,106,0,183,76,1
"Fayetteville-Springdale-Rogers, AR-MO","22220",2000,96,50,46,0,0,0,0,97,69,50,0,0,0,96,0
"Fergus Falls, MN","22260",2000,43,35,8,0,0,0,0,74,63,31,0,0,0,31,12
"Findlay, OH","22300",2000,50,50,0,0,0,0,0,44,35,25,0,0,0,0,50
"Flagstaff, AZ","22380",2000,364,227,132,5,0,0,0,126,80,47,0,0,352,12,0
"Flint, MI","22420",2000,244,163,72,7,2,0,0,166,78,43,0,0,165,76,3
"Florence, SC","22500",2000,344,191,128,21,4,0,0,187,96,46,0,0,280,64,0
"Florence-Muscle Shoals, AL","22520",2000,106,38,66,2,0,0,0,124,80,58,0,0,0,106,0
"Fond du Lac, WI","22540",2000,180,151,26,3,0,0,0,150,64,40,0,0,180,0,0
"Fort Collins, CO","22660",2000,366,211,133,20,2,0,0,159,90,47,2,0,342,21,1
"Fort Payne, AL","22840",2000,354,169,123,58,4,0,0,159,115,51,0,0,297,56,1
"Fort Smith, AR-OK","22900",2000,115,50,65,0,0,0,0,91,69,52,0,0,0,115,0
"Fort Wayne, IN","23060",2000,364,237,111,12,4,0,0,182,84,42,126,0,160,77,1
"Frankfort, KY","23180",2000,115,45,67,3,0,0,0,122,77,56,0,0,0,115,0
"Fremont, OH","23380",2000,61,60,1,0,0,0,0,51,37,22,0,0,0,0,61
"Fresno, CA","23420",2000,366,50,121,89,88,18,0,227,183,112,2,24,230,109,1
"Gadsden, AL","23460",2000,101,34,60,7,0,0,0,141,87,59,0,0,0,83,18
"Gaffney, SC","23500",2000,254,139,74,37,4,0,0,195,115,47,0,0,254,0,0
"Gainesville, FL","23540",2000,360,262,83,14,1,0,0,151,80,37,0,0,276,84,0
"Gainesville, GA","23580",2000,102,28,69,5,0,0,0,149,83,60,0,0,0,102,0
"Gardnerville Ranchos, NV","23820",2000,366,252,109,5,0,0,0,140,77,45,29,0,334,3,0
"Georgetown, SC","23860",2000,365,273,90,2,0,0,0,104,65,33,0,0,0,110,255
"Gettysburg, PA","23900",2000,366,192,143,28,3,0,0,179,93,48,0,0,212,154,0
"Gillette, WY","23940",2000,163,110,50,2,1,0,0,165,71,30,0,0,0,61,102
"Glenwood Springs, CO","24060",2000,314,307,7,0,0,0,0,62,37,19,0,0,0,5,309
"Goldsboro, NC","24140",2000,117,40,75,2,0,0,0,111,78,58,0,0,0,114,3
"Grand Forks, ND-MN","24220",2000,113,91,22,0,0,0,0,84,59,26,0,0,0,113,0
"Grand Island, NE","24260",2000,110,80,29,1,0,0,0,112,62,31,0,0,0,110,0
"Grand Junction, CO","24300",2000,366,345,21,0,0,0,0,83,43,24,251,0,0,68,47
"Grand Rapids-Wyoming, MI","24340",2000,366,180,172,11,3,0,0,192,85,52,3,0,113,248,2
"Grants Pass, OR","24420",2000,272,242,30,0,0,0,0,99,53,27,131,0,0,138,3
"Great Falls, MT","24500",2000,361,343,16,2,0,0,0,113,32,14,274,0,0,87,0
"Greeley, CO","24540",2000,366,288,74,4,0,0,0,119,64,38,37,0,268,59,2
"Green Bay, WI","24580",2000,248,173,67,4,4,0,0,156,79,42,0,0,169,79,0
"Greeneville, TN","24620",2000,55,49,6,0,0,0,0,61,52,27,0,0,0,0,55
"Greensboro-High Point, NC","24660",2000,366,116,205,36,9,0,0,185,105,60,14,0,119,233,0
"Greenville, NC","24780",2000,259,119,109,28,2,1,0,204,108,53,0,0,182,77,0
"Greenville-Anderson-Mauldin, SC","24860",2000,366,110,185,67,4,0,0,197,119,61,0,16,178,170,2
"Greenwood, SC","24940",2000,264,103,129,29,3,0,0,159,101,58,0,0,178,86,0
"Guayama, PR","25020",2000,117,107,10,0,0,0,0,78,47,25,0,0,0,64,53
"Gulfport-Biloxi-Pascagoula, MS","25060",2000,366,145,160,49,11,1,0,208,119,56,0,4,166,196,0
"Hagerstown-Martinsburg, MD-WV","25180",2000,258,147,96,13,2,0,0,172,87,48,0,0,157,101,0
"Hammond, LA","25220",2000,118,61,55,2,0,0,0,114,77,50,0,0,0,118,0
"Hanford-Corcoran, CA","25260",2000,364,143,99,77,43,2,0,205,159,70,0,59,254,36,15
"Harrisburg-Carlisle, PA","25420",2000,366,155,181,23,7,0,0,190,97,55,0,41,86,238,1
"Harrison, AR","25460",2000,363,257,92,14,0,0,0,129,84,43,0,0,326,37,0
"Harrisonburg, VA","25500",2000,60,58,2,0,0,0,0,54,39,21,0,0,0,0,60
"Hartford-West Hartford-East Hartford, CT","25540",2000,366,226,116,19,5,0,0,195,83,44,20,47,164,134,1
"Hattiesburg, MS","25620",2000,119,50,68,1,0,0,0,115,76,54,0,0,0,119,0
"Helena, MT","25740",2000,364,315,43,6,0,0,0,124,57,19,0,0,0,93,271
"Helena-West Helena, AR","25760",2000,112,46,66,0,0,0,0,99,76,54,0,0,0,112,0
"Hermiston-Pendleton, OR","25840",2000,341,264,71,6,0,0,0,117,65,27,0,0,0,323,18
"Hickory-Lenoir-Morganton, NC","25860",2000,264,92,112,55,5,0,0,182,122,61,0,0,187,74,3
"Hilo, HI","25900",2000,339,339,0,0,0,0,0,44,32,19,0,0,339,0,0
"Hilton Head Island-Bluffton-Beaufort, SC","25940",2000,113,60,53,0,0,0,0,94,69,48,0,0,0,113,0
"Hobbs, NM","26020",2000,131,122,9,0,0,0,0,59,46,26,0,0,0,116,15
"Holland, MI","26090",2000,357,202,138,14,1,2,0,204,85,46,0,0,127,230,0
"Homosassa Springs, FL","26140",2000,157,107,50,0,0,0,0,99,60,42,0,0,0,157,0
"Hot Springs, AR","26300",2000,106,51,55,0,0,0,0,99,70,51,0,0,0,106,0
"Houghton, MI","26340",2000,105,101,4,0,0,0,0,59,32,14,0,0,0,105,0
"Houma-Thibodaux, LA","26380",2000,358,193,125,37,3,0,0,187,108,48,0,0,204,154,0
"Houston-The Woodlands-Sugar Land, TX","26420",2000,366,74,204,36,34,18,0,241,166,62,0,36,154,166,10
"Hudson, NY","26460",2000,51,51,0,0,0,0,0,34,23,10,0,0,0,0,51
"Huntington, IN","26540",2000,170,103,57,6,4,0,0,169,93,48,0,0,170,0,0
"Huntington-Ashland, WV-KY-OH","26580",2000,366,190,145,29,2,0,0,164,100,50,0,75,171,95,25
"Huntsville, AL","26620",2000,366,199,131,30,6,0,0,187,100,48,7,0,264,82,13
"Hutchinson, MN","26780",2000,44,33,11,0,0,0,0,91,76,24,0,0,0,32,12
"Idaho Falls, ID","26820",2000,354,271,82,1,0,0,0,115,68,43,0,0,335,17,2
"Indianapolis-Carmel-Anderson, IN","26900",2000,366,54,215,88,8,1,0,204,115,74,0,110,61,194,1
"Iowa City, IA","26980",2000,122,81,41,0,0,0,0,96,70,38,0,0,0,122,0
"Iron Mountain, MI-WI","27020",2000,173,146,25,2,0,0,0,122,61,37,0,0,173,0,0
"Ithaca, NY","27060",2000,348,297,40,11,0,0,0,150,67,38,0,0,348,0,0
"Jackson, MS","27140",2000,366,196,134,35,1,0,0,174,100,47,14,0,204,79,69
"Jackson, TN","27180",2000,116,49,67,0,0,0,0,96,75,53,0,0,0,109,7
"Jackson, WY-ID","27220",2000,361,289,72,0,0,0,0,100,61,44,0,0,356,1,4
"Jacksonville, FL","27260",2000,366,178,156,31,1,0,0,172,97,51,0,11,187,163,5
"Jacksonville, NC","27340",2000,120,61,59,0,0,0,0,98,66,50,0,0,0,117,3
"Jamestown-Dunkirk-Fredonia, NY","27460",2000,366,266,81,15,3,1,0,204,87,39,0,0,325,41,0
"Janesville-Beloit, WI","27500",2000,243,128,99,13,3,0,0,172,84,49,0,0,165,78,0
"Jasper, IN","27540",2000,117,35,76,6,0,0,0,133,80,59,0,0,0,113,4
"Johnstown, PA","27780",2000,366,256,89,17,4,0,0,182,80,39,2,144,141,77,2
"Jonesboro, AR","27860",2000,57,19,38,0,0,0,0,90,79,55,0,0,0,57,0
"Joplin, MO","27900",2000,122,55,66,1,0,0,0,145,74,52,0,0,0,112,10
"Juneau, AK","27940",2000,126,108,17,1,0,0,0,107,60,18,0,0,0,124,2
"Kahului-Wailuku-Lahaina, HI","27980",2000,358,347,11,0,0,0,0,64,39,21,0,0,0,49,309
"Kalamazoo-Portage, MI","28020",2000,242,157,79,6,0,0,0,143,78,44,0,0,153,89,0
"Kalispell, MT","28060",2000,366,299,66,1,0,0,0,132,60,37,41,0,185,74,66
"Kansas City, MO-KS","28140",2000,366,103,207,44,12,0,0,195,112,61,1,24,163,175,3
"Kapaa, HI","28180",2000,24,24,0,0,0,0,0,36,25,15,0,0,0,0,24
"Keene, NH","28300",2000,242,211,30,0,1,0,0,166,56,33,0,0,192,31,19
"Kennewick-Richland, WA","28420",2000,336,291,41,4,0,0,0,138,58,19,0,0,0,76,260
"Ketchikan, AK","28540",2000,60,49,11,0,0,0,0,93,59,13,0,0,0,60,0
"Key West, FL","28580",2000,61,60,1,0,0,0,0,53,25,16,0,0,0,0,61
"Kingsport-Bristol-Bristol, TN-VA","28700",2000,366,194,130,32,8,2,0,210,105,49,2,93,182,89,0
"Kingston, NY","28740",2000,360,312,38,9,1,0,0,164,58,35,0,0,360,0,0
"Kinston, NC","28820",2000,263,134,108,19,2,0,0,182,93,50,0,0,189,74,0
"Klamath Falls, OR","28900",2000,355,271,75,8,1,0,0,155,71,25,20,0,0,327,8
"Knoxville, TN","28940",2000,366,60,220,63,21,2,0,218,133,70,0,2,173,176,15
"Kokomo, IN","29020",2000,112,44,67,1,0,0,0,101,80,58,0,0,0,112,0
"La Grande, OR","29260",2000,346,304,41,1,0,0,0,111,53,21,0,0,0,315,31
"Laconia, NH","29060",2000,15,11,4,0,0,0,0,76,72,37,0,0,0,15,0
"Lafayette, LA","29180",2000,363,234,96,26,5,2,0,208,97,41,0,0,287,76,0
"Lafayette-West Lafayette, IN","29200",2000,114,45,68,1,0,0,0,111,84,56,0,0,0,114,0
"Lake Charles, LA","29340",2000,366,189,133,36,8,0,0,174,105,50,0,1,191,174,0
"Lake City, FL","29380",2000,60,55,5,0,0,0,0,67,42,31,0,0,60,0,0
"Lake Havasu City-Kingman, AZ","29420",2000,62,54,8,0,0,0,0,65,51,31,0,0,0,2,60
"Lakeland-Winter Haven, FL","29460",2000,366,247,94,24,1,0,0,161,93,42,0,0,310,42,14
"Lancaster, PA","29540",2000,366,244,98,19,4,1,0,201,87,39,1,135,148,79,3
"Lansing-East Lansing, MI","29620",2000,250,165,75,9,1,0,0,151,77,44,0,8,161,81,0
"Laramie, WY","29660",2000,357,185,159,11,2,0,0,172,87,50,0,0,347,2,8
"Laredo, TX","29700",2000,366,295,67,4,0,0,0,129,61,37,121,0,169,72,4
"Las Cruces, NM","29740",2000,366,110,211,38,7,0,0,187,105,66,0,21,242,100,3
"Las Vegas-Henderson-Paradise, NV","29820",2000,366,78,232,54,1,0,1,404,112,67,4,28,215,64,55
"Laurel, MS","29860",2000,118,36,80,2,0,0,0,123,84,60,0,0,0,118,0
"Lawrenceburg, TN","29980",2000,281,126,119,35,1,0,0,156,105,54,0,0,207,74,0
"Lawton, OK","30020",2000,366,243,94,26,3,0,0,169,97,44,1,0,329,36,0
"Lewiston, ID-WA","30300",2000,366,344,22,0,0,0,0,94,38,17,268,0,0,53,45
"Lewiston-Auburn, ME","30340",2000,51,51,0,0,0,0,0,44,26,14,0,0,0,0,51
"Lexington, NE","30420",2000,61,42,19,0,0,0,0,88,64,34,0,0,0,0,61
"Lexington-Fayette, KY","30460",2000,366,215,136,13,2,0,0,161,84,46,1,96,165,97,7
"Lima, OH","30620",2000,235,183,45,4,3,0,0,177,74,42,0,0,210,0,25
"Lincoln, NE","30700",2000,366,318,48,0,0,0,0,93,55,32,110,0,184,72,0
"Little Rock-North Little Rock-Conway, AR","30780",2000,366,104,221,27,14,0,0,200,105,62,1,2,130,232,1
"Logan, UT-ID","30860",2000,324,228,84,11,1,0,0,155,77,35,110,0,148,45,21
"London, KY","30940",2000,59,56,3,0,0,0,0,89,49,20,0,0,0,0,59
"Longview, TX","30980",2000,361,222,96,29,14,0,0,195,108,44,0,11,288,62,0
"Longview, WA","31020",2000,61,60,1,0,0,0,0,56,28,17,0,0,0,0,61
"Los Alamos, NM","31060",2000,101,100,1,0,0,0,0,66,21,12,0,0,0,101,0
"Los Angeles-Long Beach-Anaheim, CA","31080",2000,366,27,161,112,56,10,0,243,161,100,6,93,129,136,2
"Louisville/Jefferson County, KY-IN","31140",2000,366,72,243,42,9,0,0,192,108,63,2,19,108,233,4
"Lubbock, TX","31180",2000,115,103,11,1,0,0,0,101,51,28,0,0,0,104,11
"Ludington, MI","31220",2000,183,145,28,8,1,1,0,212,84,40,0,0,183,0,0
"Lumberton, NC","31300",2000,41,15,26,0,0,0,0,81,69,55,0,0,0,41,0
"Lynchburg, VA","31340",2000,77,29,46,2,0,0,0,105,90,56,0,0,0,77,0
"Macon, GA","31420",2000,285,96,135,36,16,2,0,229,129,61,0,0,206,79,0
"Madera, CA","31460",2000,362,217,98,40,7,0,0,177,108,45,0,72,290,0,0
"Madison, WI","31540",2000,366,276,82,6,2,0,0,156,70,36,119,0,163,82,2
"Malone, NY","31660",2000,44,44,0,0,0,0,0,14,11,6,0,0,0,0,44
"Manchester-Nashua, NH","31700",2000,366,303,60,2,1,0,0,161,61,34,32,86,173,71,4
"Manitowoc, WI","31820",2000,242,173,61,6,2,0,0,197,71,41,0,0,169,73,0
"Mankato-North Mankato, MN","31860",2000,15,12,2,1,0,0,0,104,67,33,0,0,0,10,5
"Mansfield, OH","31900",2000,159,159,0,0,0,0,0,50,34,19,0,0,0,0,159
"Marietta, OH","31930",2000,285,201,66,15,3,0,0,179,87,42,0,0,204,0,81
"Marion, NC","32000",2000,120,43,73,3,1,0,0,166,86,57,0,0,0,116,4
"Mason City, IA","32380",2000,358,277,80,1,0,0,0,116,63,31,0,0,0,75,283
"Mayaguez, PR","32420",2000,99,91,8,0,0,0,0,65,46,31,0,0,0,99,0
"Mayfield, KY","32460",2000,243,147,79,14,2,1,0,210,90,46,0,0,243,0,0
"McAlester, OK","32540",2000,115,76,39,0,0,0,0,92,62,38,0,0,0,102,13
"McAllen-Edinburg-Mission, TX","32580",2000,366,308,51,7,0,0,0,136,59,34,0,0,289,74,3
"Medford, OR","32780",2000,366,220,124,21,1,0,0,151,87,46,30,0,137,194,5
"Memphis, TN-MS-AR","32820",2000,366,93,205,45,22,1,0,201,133,64,0,20,149,196,1
"Merced, CA","32900",2000,363,157,99,68,36,3,0,207,151,58,0,15,308,36,4
"Meridian, MS","32940",2000,281,122,129,29,1,0,0,156,101,55,0,0,210,71,0
"Miami, OK","33060",2000,55,29,25,1,0,0,0,110,73,48,0,0,0,55,0
"Miami-Fort Lauderdale-West Palm Beach, FL","33100",2000,366,206,140,19,1,0,0,151,78,49,4,14,140,208,0
"Michigan City-La Porte, IN","33140",2000,241,138,95,5,3,0,0,195,77,47,0,0,156,85,0
"Middlesborough, KY","33180",2000,366,237,92,32,5,0,0,190,101,44,105,0,226,33,2
"Milwaukee-Waukesha-West Allis, WI","33340",2000,366,144,205,12,5,0,0,164,88,56,0,52,91,222,1
"Minneapolis-St. Paul-Bloomington, MN-WI","33460",2000,366,173,169,23,1,0,0,157,92,52,2,83,92,176,13
"Missoula, MT","33540",2000,366,312,43,9,1,1,0,229,61,24,102,0,0,109,155
"Mobile, AL","33660",2000,285,108,122,46,9,0,0,187,122,60,0,0,206,69,10
"Modesto, CA","33700",2000,366,196,111,42,16,1,0,202,122,49,9,74,208,63,12
"Monroe, LA","33740",2000,365,239,92,32,2,0,0,174,100,40,0,0,286,79,0
"Monroe, MI","33780",2000,117,48,66,3,0,0,0,112,83,55,0,0,0,117,0
"Montgomery, AL","33860",2000,282,113,115,48,6,0,0,195,115,57,0,0,200,81,1
"Montrose, CO","33940",2000,98,92,6,0,0,0,0,75,45,25,0,0,0,0,98
"Morehead City, NC","33980",2000,362,278,72,12,0,0,0,147,77,39,0,0,362,0,0
"Morgan City, LA","34020",2000,358,282,48,23,5,0,0,190,84,35,0,0,358,0,0
"Morgantown, WV","34060",2000,250,143,96,9,2,0,0,166,84,47,0,0,152,95,3
"Morristown, TN","34100",2000,242,142,64,25,11,0,0,187,112,47,0,0,242,0,0
"Mount Vernon, IL","34500",2000,228,163,53,11,1,0,0,156,84,43,0,0,228,0,0
"Mount Vernon, OH","34540",2000,214,138,60,10,5,1,0,207,93,45,0,0,214,0,0
"Mount Vernon-Anacortes, WA","34580",2000,353,343,10,0,0,0,0,72,40,27,0,0,323,30,0
"Muncie, IN","34620",2000,113,39,72,2,0,0,0,134,82,58,0,0,0,113,0
"Muscatine, IA","34700",2000,304,230,73,1,0,0,0,101,61,30,0,0,0,102,202
"Muskegon, MI","34740",2000,243,173,54,14,1,1,0,206,84,42,0,0,167,76,0
"Muskogee, OK","34780",2000,359,315,44,0,0,0,0,96,56,21,0,263,0,77,19
"Myrtle Beach-Conway-North Myrtle Beach, SC-NC","34820",2000,5,4,1,0,0,0,0,51,51,40,0,0,0,5,0
"Napa, CA","34900",2000,366,357,9,0,0,0,0,77,41,31,9,112,240,0,5
"Naples-Immokalee-Marco Island, FL","34940",2000,37,37,0,0,0,0,0,39,21,16,0,0,0,0,37
"Nashville-Davidson--Murfreesboro--Franklin, TN","34980",2000,366,71,219,59,16,1,0,203,126,67,3,2,157,204,0
"Natchez, MS-LA","35020",2000,281,144,103,28,6,0,0,179,105,49,0,0,206,75,0
"New Castle, IN","35220",2000,13,7,6,0,0,0,0,67,64,49,0,0,0,13,0
"New Castle, PA","35260",2000,366,324,39,3,0,0,0,115,52,37,1,194,127,0,44
"New Haven-Milford, CT","35300",2000,366,146,193,21,5,1,0,217,92,54,0,64,76,209,17
"New Orleans-Metairie, LA","35380",2000,366,151,149,53,12,1,0,202,115,55,1,24,162,178,1
"New York-Newark-Jersey City, NY-NJ-PA","35620",2000,366,69,232,47,14,4,0,227,119,69,0,107,83,175,1
"Niles-Benton Harbor, MI","35660",2000,243,153,83,4,3,0,0,182,84,46,0,0,159,84,0
"Nogales, AZ","35700",2000,60,32,26,2,0,0,0,106,82,50,0,0,0,40,20
"North Platte, NE","35820",2000,111,96,15,0,0,0,0,73,54,25,0,0,0,111,0
"North Port-Sarasota-Bradenton, FL","35840",2000,366,230,104,27,5,0,0,177,100,44,29,7,283,42,5
"Norwich-New London, CT","35980",2000,252,167,70,13,1,1,0,220,87,43,0,0,181,65,6
"Ocala, FL","36100",2000,366,249,99,17,1,0,0,151,87,43,0,0,315,51,0
"Odessa, TX","36220",2000,56,49,7,0,0,0,0,63,54,31,0,0,0,56,0
"Ogden-Clearfield, UT","36260",2000,366,216,119,25,4,2,0,214,97,47,43,146,146,30,1
"Ogdensburg-Massena, NY","36300",2000,107,92,15,0,0,0,0,74,53,26,0,0,0,107,0
"Oklahoma City, OK","36420",2000,366,168,162,30,6,0,0,161,100,52,8,47,170,140,1
"Olympia-Tumwater, WA","36500",2000,366,286,72,8,0,0,0,128,65,34,77,0,150,139,0
"Omaha-Council Bluffs, NE-IA","36540",2000,366,176,173,17,0,0,0,131,84,52,4,0,115,200,47
"Orlando-Kissimmee-Sanford, FL","36740",2000,366,176,157,29,4,0,0,174,100,51,0,7,179,180,0
"Oshkosh-Neenah, WI","36780",2000,242,182,57,3,0,0,0,147,69,40,0,0,165,77,0
"Othello, WA","36830",2000,11,7,4,0,0,0,0,72,66,46,0,0,0,11,0
"Ottawa-Peru, IL","36860",2000,363,283,78,2,0,0,0,109,64,25,0,0,0,103,260
"Owensboro, KY","36980",2000,366,232,105,29,0,0,0,143,87,42,0,103,190,62,11
"Oxford, NC","37080",2000,214,126,52,28,8,0,0,169,112,47,1,0,213,0,0
"Oxnard-Thousand Oaks-Ventura, CA","37100",2000,366,147,135,58,25,1,0,203,143,59,0,54,270,41,1
"Paducah, KY-IL","37140",2000,366,205,124,33,3,1,0,202,101,46,5,71,214,58,18
"Palatka, FL","37260",2000,61,60,1,0,0,0,0,52,41,23,0,0,0,0,61
"Palm Bay-Melbourne-Titusville, FL","37340",2000,366,275,74,17,0,0,0,147,84,41,0,0,340,25,1
"Panama City, FL","37460",2000,201,139,33,20,8,1,0,208,122,39,0,0,168,0,33
"Parkersburg-Vienna, WV","37620",2000,262,123,117,18,4,0,0,197,97,53,0,0,173,85,4
"Payson, AZ","37740",2000,151,116,35,0,0,0,0,84,68,32,0,0,0,124,27
"Pensacola-Ferry Pass-Brent, FL","37860",2000,366,132,175,37,21,1,0,203,115,58,0,2,186,178,0
"Peoria, IL","37900",2000,366,263,96,7,0,0,0,115,71,39,47,0,230,87,2
"Philadelphia-Camden-Wilmington, PA-NJ-DE-MD","37980",2000,366,90,214,42,15,5,0,229,119,65,0,51,112,198,5
"Phoenix-Mesa-Scottsdale, AZ","38060",2000,366,21,178,148,19,0,0,174,136,97,1,118,193,33,21
"Picayune, MS","38100",2000,78,35,42,1,0,0,0,115,70,54,0,0,0,78,0
"Pine Bluff, AR","38220",2000,57,17,40,0,0,0,0,82,76,56,0,0,0,57,0
"Pittsburgh, PA","38300",2000,366,72,231,51,12,0,0,200,121,69,0,25,83,253,5
"Pittsfield, MA","38340",2000,193,133,54,5,1,0,0,161,74,42,0,0,112,81,0
"Platteville, WI","38420",2000,51,31,19,1,0,0,0,113,78,36,0,0,0,51,0
"Pocatello, ID","38540",2000,353,73,214,40,23,3,0,217,133,66,0,0,0,283,70
"Ponca City, OK","38620",2000,366,229,107,27,3,0,0,161,94,43,0,53,210,53,50
"Ponce, PR","38660",2000,120,103,16,1,0,0,0,105,54,31,0,0,0,88,32
"Port Angeles, WA","38820",2000,324,305,19,0,0,0,0,96,39,25,0,0,283,41,0
"Port Clinton, OH","38840",2000,60,60,0,0,0,0,0,44,36,22,0,0,0,0,60
"Port St. Lucie, FL","38940",2000,361,288,68,5,0,0,0,115,65,39,0,15,294,51,1
"Portland-South Portland, ME","38860",2000,361,310,42,8,1,0,0,159,61,33,0,147,202,0,12
"Portland-Vancouver-Hillsboro, OR-WA","38900",2000,366,233,121,10,2,0,0,176,79,42,36,5,102,223,0
"Portsmouth, OH","39020",2000,274,217,53,3,1,0,0,151,71,21,0,0,0,65,209
"Pottsville, PA","39060",2000,366,366,0,0,0,0,0,17,11,3,366,0,0,0,0
"Prescott, AZ","39140",2000,354,197,129,27,1,0,0,151,97,48,0,0,347,4,3
"Providence-Warwick, RI-MA","39300",2000,366,189,153,16,7,1,0,222,88,49,3,55,126,181,1
"Provo-Orem, UT","39340",2000,366,166,173,21,6,0,0,200,97,53,6,128,134,84,14
"Pueblo, CO","39380",2000,126,112,14,0,0,0,0,79,52,30,0,0,0,102,24
"Pullman, WA","39420",2000,60,52,8,0,0,0,0,77,53,25,0,0,0,60,0
"Quincy, IL-MO","39500",2000,364,320,40,4,0,0,0,129,53,33,0,0,318,46,0
"Racine, WI","39540",2000,362,321,32,8,1,0,0,154,54,22,180,0,182,0,0
"Raleigh, NC","39580",2000,366,125,173,53,14,1,0,209,119,60,8,0,156,198,4
"Rapid City, SD","39660",2000,366,265,100,0,0,1,0,247,64,39,0,0,87,62,217
"Reading, PA","39740",2000,366,245,104,14,3,0,0,197,80,42,2,156,125,83,0
"Red Bluff, CA","39780",2000,320,218,70,30,2,0,0,156,101,40,0,0,305,0,15
"Redding, CA","39820",2000,366,245,95,25,1,0,0,154,93,44,0,0,354,12,0
"Reno, NV","39900",2000,366,231,132,3,0,0,0,107,78,47,31,8,294,21,12
"Richmond, IN","39980",2000,59,59,0,0,0,0,0,50,39,21,0,0,0,0,59
"Richmond, VA","40060",2000,366,135,196,32,3,0,0,169,100,57,0,60,103,203,0
"Richmond-Berea, KY","40080",2000,120,40,78,1,1,0,0,156,72,55,0,0,0,116,4
"Riverside-San Bernardino-Ontario, CA","40140",2000,366,31,131,90,92,22,0,246,185,110,0,53,188,114,11
"Riverton, WY","40180",2000,125,94,29,2,0,0,0,109,74,26,0,0,0,107,18
"Roanoke Rapids, NC","40260",2000,212,124,75,12,1,0,0,151,90,45,0,0,212,0,0
"Roanoke, VA","40220",2000,366,218,126,20,2,0,0,177,90,46,16,88,169,92,1
"Rochester, MN","40340",2000,91,58,31,2,0,0,0,104,81,39,0,0,0,91,0
"Rochester, NY","40380",2000,366,292,70,3,1,0,0,166,62,34,12,0,289,65,0
"Rock Springs, WY","40540",2000,288,265,22,0,1,0,0,172,48,24,0,0,0,0,288
"Rockford, IL","40420",2000,366,279,82,5,0,0,0,126,71,37,39,0,251,76,0
"Rockland, ME","40500",2000,212,187,22,3,0,0,0,147,54,33,0,0,179,0,33
"Rocky Mount, NC","40580",2000,262,122,108,29,3,0,0,174,105,53,0,0,184,75,3
"Rome, GA","40660",2000,107,36,67,4,0,0,0,146,86,60,0,0,0,98,9
"Roswell, NM","40740",2000,149,142,7,0,0,0,0,76,41,26,0,0,0,136,13
"Russellville, AR","40780",2000,114,44,69,1,0,0,0,105,73,55,0,0,0,114,0
"Rutland, VT","40860",2000,360,316,43,1,0,0,0,121,54,23,20,238,0,101,1
"Sacramento--Roseville--Arden-Arcade, CA","40900",2000,366,92,169,63,38,4,0,208,156,74,6,14,239,105,2
"Safford, AZ","40940",2000,42,39,3,0,0,0,0,70,41,24,0,0,0,0,42
"Saginaw, MI","40980",2000,107,70,37,0,0,0,0,93,67,34,0,0,0,107,0
"Salem, OH","41400",2000,47,38,9,0,0,0,0,88,73,31,0,0,0,0,47
"Salem, OR","41420",2000,345,299,46,0,0,0,0,95,55,31,127,0,145,73,0
"Salinas, CA","41500",2000,366,339,24,3,0,0,0,129,47,36,0,17,326,15,8
"Salisbury, MD-DE","41540",2000,279,149,100,25,5,0,0,187,101,49,0,0,200,77,2
"Salt Lake City, UT","41620",2000,366,136,178,39,12,1,0,206,112,56,0,100,132,88,46
"San Antonio-New Braunfels, TX","41700",2000,366,223,120,20,3,0,0,169,80,46,1,57,181,127,0
"San Diego-Carlsbad, CA","41740",2000,366,73,196,81,15,1,0,201,133,74,0,49,207,110,0
"San Francisco-Oakland-Hayward, CA","41860",2000,366,214,123,25,3,1,0,209,96,47,0,50,177,138,1
"San Jose-Sunnyvale-Santa Clara, CA","41940",2000,366,183,133,42,8,0,0,190,112,51,0,36,203,127,0
"San Juan-Carolina-Caguas, PR","41980",2000,366,175,175,16,0,0,0,106,84,52,101,94,10,102,59
"San Luis Obispo-Paso Robles-Arroyo Grande, CA","42020",2000,366,282,79,5,0,0,0,143,77,41,0,52,284,18,12
"Sandpoint, ID","41760",2000,362,337,23,2,0,0,0,124,44,21,0,0,0,111,251
"Santa Cruz-Watsonville, CA","42100",2000,366,342,23,1,0,0,0,126,46,36,0,9,330,22,5
"Santa Fe, NM","42140",2000,366,365,1,0,0,0,0,54,25,13,143,0,0,141,82
"Santa Maria-Santa Barbara, CA","42200",2000,366,211,117,36,2,0,0,154,101,48,0,27,314,21,4
"Santa Rosa, CA","42220",2000,366,324,35,7,0,0,0,122,54,37,0,58,263,43,2
"Savannah, GA","42340",2000,364,233,116,13,2,0,0,172,80,43,0,0,174,94,96
"Scottsbluff, NE","42420",2000,96,93,3,0,0,0,0,71,43,24,0,0,0,96,0
"Scranton--Wilkes-Barre--Hazleton, PA","42540",2000,366,195,156,14,0,1,0,201,81,48,1,47,108,210,0
"Searcy, AR","42620",2000,34,12,22,0,0,0,0,83,76,56,0,0,0,34,0
"Seattle-Tacoma-Bellevue, WA","42660",2000,366,145,193,23,5,0,0,159,96,55,3,9,82,272,0
"Seneca, SC","42860",2000,316,195,99,21,1,0,0,151,91,44,0,0,263,53,0
"Sevierville, TN","42940",2000,365,139,121,78,25,2,0,206,143,67,0,0,365,0,0
"Seymour, IN","42980",2000,179,118,47,11,3,0,0,164,97,47,0,0,179,0,0
"Shawnee, OK","43060",2000,51,34,17,0,0,0,0,77,64,45,0,0,0,51,0
"Sheboygan, WI","43100",2000,184,143,32,5,4,0,0,200,84,42,0,0,184,0,0
"Sheridan, WY","43260",2000,226,174,48,4,0,0,0,124,68,30,0,0,0,101,125
"Show Low, AZ","43320",2000,120,120,0,0,0,0,0,37,25,12,0,0,0,84,36
"Shreveport-Bossier City, LA","43340",2000,366,188,142,26,9,1,0,201,100,50,0,0,194,172,0
"Sierra Vista-Douglas, AZ","43420",2000,354,230,118,6,0,0,0,132,80,46,0,0,327,13,14
"Silver City, NM","43500",2000,163,162,1,0,0,0,0,52,34,20,0,0,0,113,50
"Sioux City, IA-NE-SD","43580",2000,122,90,32,0,0,0,0,95,65,33,0,0,0,90,32
"Sioux Falls, SD","43620",2000,346,297,48,1,0,0,0,101,61,32,0,0,282,59,5
"Somerset, KY","43700",2000,263,149,89,21,4,0,0,169,100,48,0,0,242,0,21
"Somerset, PA","43740",2000,331,309,22,0,0,0,0,90,48,31,0,0,331,0,0
"Sonora, CA","43760",2000,363,184,98,61,20,0,0,197,133,49,6,0,357,0,0
"South Bend-Mishawaka, IN-MI","43780",2000,365,241,109,12,3,0,0,166,77,42,0,139,145,80,1
"Spartanburg, SC","43900",2000,366,133,181,43,9,0,0,187,112,58,0,0,177,189,0
"Spokane-Spokane Valley, WA","44060",2000,366,201,155,9,1,0,0,155,77,49,53,0,113,182,18
"Springfield, IL","44100",2000,366,270,88,7,1,0,0,164,69,38,11,0,268,78,9
"Springfield, MA","44140",2000,366,179,171,14,2,0,0,164,83,51,0,80,93,191,2
"Springfield, MO","44180",2000,366,240,111,15,0,0,0,150,77,44,21,100,175,70,0
"Springfield, OH","44220",2000,234,115,103,12,3,1,0,209,93,51,0,0,194,40,0
"St. Cloud, MN","41060",2000,325,297,25,3,0,0,0,113,45,16,250,0,0,75,0
"St. George, UT","41100",2000,83,83,0,0,0,0,0,42,24,13,0,0,0,83,0
"St. Joseph, MO-KS","41140",2000,122,60,62,0,0,0,0,93,66,51,0,0,0,101,21
"St. Louis, MO-IL","41180",2000,366,49,265,35,16,1,0,202,115,69,0,25,90,231,20
"St. Marys, PA","41260",2000,353,292,48,12,1,0,0,169,64,38,0,0,353,0,0
"State College, PA","44300",2000,366,278,69,16,3,0,0,197,74,40,0,0,339,27,0
"Steamboat Springs, CO","44460",2000,337,308,29,0,0,0,0,72,44,20,0,0,0,37,300
"Stillwater, OK","44660",2000,54,36,18,0,0,0,0,71,63,44,0,0,0,54,0
"Stockton-Lodi, CA","44700",2000,366,228,104,27,7,0,0,172,97,45,11,95,193,59,8
"Summerville, GA","44900",2000,40,39,1,0,0,0,0,69,37,19,0,0,0,0,40
"Susanville, CA","45000",2000,33,26,7,0,0,0,0,63,54,28,0,0,0,0,33
"Syracuse, NY","45060",2000,366,283,74,8,1,0,0,179,65,37,2,0,304,60,0
"Tahlequah, OK","45140",2000,366,250,85,26,5,0,0,185,93,40,0,52,215,34,65
"Talladega-Sylacauga, AL","45180",2000,113,36,72,5,0,0,0,136,91,59,0,0,0,103,10
"Tallahassee, FL","45220",2000,363,232,113,18,0,0,0,140,87,44,0,0,295,62,6
"Tampa-St. Petersburg-Clearwater, FL","45300",2000,366,128,186,45,7,0,0,164,113,59,1,9,182,171,3
"Taos, NM","45340",2000,218,217,1,0,0,0,0,54,36,23,0,0,0,172,46
"Terre Haute, IN","45460",2000,241,135,97,8,1,0,0,154,80,48,0,0,140,99,2
"Texarkana, TX-AR","45500",2000,121,48,73,0,0,0,0,93,73,55,0,0,0,121,0
"The Dalles, OR","45520",2000,60,46,13,1,0,0,0,103,67,33,0,0,0,60,0
"Tiffin, OH","45660",2000,181,177,4,0,0,0,0,77,31,18,0,0,0,0,181
"Toledo, OH","45780",2000,365,173,173,18,1,0,0,156,90,52,0,0,117,186,62
"Topeka, KS","45820",2000,122,70,52,0,0,0,0,97,65,46,0,0,0,117,5
"Torrington, CT","45860",2000,222,176,33,10,3,0,0,179,84,38,0,0,193,0,29
"Traverse City, MI","45900",2000,216,166,40,9,0,1,0,203,77,40,0,0,174,42,0
"Trenton, NJ","45940",2000,366,250,88,16,9,3,0,216,90,41,0,95,203,68,0
"Troy, AL","45980",2000,59,59,0,0,0,0,0,46,37,22,0,0,0,0,59
"Truckee-Grass Valley, CA","46020",2000,366,162,116,63,22,3,0,208,136,57,0,0,327,31,8
"Tucson, AZ","46060",2000,366,175,168,23,0,0,0,136,90,51,4,53,227,5,77
"Tulsa, OK","46140",2000,366,146,179,32,7,2,0,219,105,55,1,41,165,159,0
"Tupelo, MS","46180",2000,285,121,121,40,3,0,0,164,112,55,0,0,214,70,1
"Tuscaloosa, AL","46220",2000,107,42,61,4,0,0,0,126,84,56,0,0,0,105,2
"Twin Falls, ID","46300",2000,76,65,11,0,0,0,0,78,56,26,0,0,0,43,33
"Tyler, TX","46340",2000,354,244,76,29,5,0,0,161,100,42,0,8,346,0,0
"Ukiah, CA","46380",2000,366,356,10,0,0,0,0,72,39,30,10,76,250,20,10
"Urban Honolulu, HI","46520",2000,366,352,12,0,2,0,0,190,39,22,23,12,162,115,54
"Utica-Rome, NY","46540",2000,365,296,66,2,1,0,0,179,63,37,0,0,307,58,0
"Valdosta, GA","46660",2000,54,23,30,0,1,0,0,170,80,52,0,0,0,54,0
"Vallejo-Fairfield, CA","46700",2000,366,290,65,9,2,0,0,153,67,37,18,62,235,51,0
"Vernal, UT","46860",2000,16,16,0,0,0,0,0,23,16,5,0,0,0,0,16
"Vicksburg, MS","46980",2000,279,149,105,24,1,0,0,156,100,49,0,0,210,69,0
"Victoria, TX","47020",2000,353,321,23,8,1,0,0,154,50,30,0,0,353,0,0
"Vincennes, IN","47180",2000,358,259,87,10,2,0,0,154,77,41,0,0,298,60,0
"Vineland-Bridgeton, NJ","47220",2000,366,296,50,16,2,2,0,208,80,33,0,0,366,0,0
"Virginia Beach-Norfolk-Newport News, VA-NC","47260",2000,366,159,168,35,4,0,0,164,101,54,1,34,146,185,0
"Visalia-Porterville, CA","47300",2000,366,127,79,75,81,4,0,203,177,85,2,36,269,56,3
"Wabash, IN","47340",2000,362,278,71,10,3,0,0,174,77,38,0,0,362,0,0
"Waco, TX","47380",2000,75,49,26,0,0,0,0,83,60,40,0,0,0,75,0
"Walla Walla, WA","47460",2000,119,107,11,1,0,0,0,131,54,20,0,0,0,0,119
"Walterboro, SC","47500",2000,231,131,77,22,1,0,0,179,100,48,0,0,216,15,0
"Warner Robins, GA","47580",2000,21,3,17,1,0,0,0,150,87,68,0,0,0,21,0
"Washington Court House, OH","47920",2000,358,264,73,17,3,1,0,201,87,39,0,0,358,0,0
"Washington, IN","47780",2000,55,53,2,0,0,0,0,56,34,19,0,0,0,0,55
"Washington-Arlington-Alexandria, DC-VA-MD-WV","47900",2000,366,90,212,52,10,2,0,214,119,62,0,53,116,197,0
"Waterloo-Cedar Falls, IA","47940",2000,264,184,69,11,0,0,0,143,80,41,0,0,188,72,4
"Watertown-Fort Atkinson, WI","48020",2000,207,113,85,7,2,0,0,164,81,47,0,0,112,95,0
"Watertown-Fort Drum, NY","48060",2000,257,229,22,5,1,0,0,179,51,33,0,0,257,0,0
"Wausau, WI","48140",2000,186,155,26,5,0,0,0,150,61,39,0,0,165,0,21
"Weatherford, OK","48220",2000,62,46,16,0,0,0,0,99,61,36,0,0,0,50,12
"Weirton-Steubenville, WV-OH","48260",2000,366,98,243,21,4,0,0,177,93,60,27,0,67,254,18
"Wenatchee, WA","48300",2000,85,85,0,0,0,0,0,47,36,19,0,0,0,0,85
"West Plains, MO","48460",2000,121,54,66,1,0,0,0,105,69,53,0,0,0,121,0
"Wheeling, WV-OH","48540",2000,366,263,94,7,2,0,0,156,77,38,104,0,162,99,1
"Whitewater-Elkhorn, WI","48580",2000,184,134,41,9,0,0,0,143,87,44,0,0,184,0,0
"Wichita, KS","48620",2000,366,201,138,26,1,0,0,179,90,48,20,0,275,57,14
"Williamsport, PA","48700",2000,223,191,27,4,1,0,0,179,61,36,0,0,213,0,10
"Willmar, MN","48820",2000,23,16,7,0,0,0,0,94,68,31,0,0,0,3,20
"Wilmington, NC","48900",2000,366,249,94,21,2,0,0,182,90,40,107,0,200,59,0
"Wilmington, OH","48940",2000,214,112,80,14,7,1,0,205,105,50,0,0,214,0,0
"Winchester, VA-WV","49020",2000,238,183,45,8,2,0,0,156,77,37,0,0,213,0,25
"Winston-Salem, NC","49180",2000,366,99,191,58,18,0,0,179,129,62,0,11,132,223,0
"Wisconsin Rapids-Marshfield, WI","49220",2000,115,75,38,2,0,0,0,111,71,33,0,0,0,115,0
"Worcester, MA-CT","49340",2000,366,237,112,13,3,1,0,209,77,42,1,66,215,81,3
"Yakima, WA","49420",2000,366,345,18,3,0,0,0,124,35,15,261,0,0,53,52
"York-Hanover, PA","49620",2000,366,226,113,22,4,1,0,201,88,44,3,147,136,79,1
"Youngstown-Warren-Boardman, OH-PA","49660",2000,366,119,221,24,2,0,0,200,93,58,0,0,120,245,1
"Yuba City, CA","49700",2000,366,241,93,28,4,0,0,166,100,43,19,47,266,23,11
"Yuma, AZ","49740",2000,206,179,27,0,0,0,0,93,56,38,0,0,170,0,36
