"CBSA","CBSA Code","Year","Days with AQI","Good Days","Moderate Days","Unhealthy for Sensitive Groups Days","Unhealthy Days","Very Unhealthy Days","Hazardous Days","Max AQI","90th Percentile AQI","Median AQI","Days CO","Days NO2","Days Ozone","Days PM2.5","Days PM10"
"Aberdeen, SD","10100",2022,350,332,18,0,0,0,0,93,41,20,0,0,0,151,199
"Aberdeen, WA","10140",2022,365,356,8,1,0,0,0,112,33,16,0,0,0,365,0
"Ada, OK","10220",2022,152,139,12,1,0,0,0,101,50,36,0,0,130,21,1
"Adrian, MI","10300",2022,365,289,76,0,0,0,0,97,60,39,0,0,209,156,0
"Akron, OH","10420",2022,362,279,79,3,1,0,0,159,61,41,0,0,205,157,0
"Albany, GA","10500",2022,358,253,100,4,1,0,0,151,60,38,0,0,0,358,0
"Albany, OR","10540",2022,365,296,67,2,0,0,0,127,61,25,0,0,0,365,0
"Albany-Schenectady-Troy, NY","10580",2022,365,322,43,0,0,0,0,87,52,37,0,0,264,101,0
"Albuquerque, NM","10740",2022,365,103,229,28,2,1,2,792,97,61,0,0,182,105,78
"Alexandria, LA","10780",2022,119,106,12,1,0,0,0,105,51,29,0,0,0,119,0
"Allentown-Bethlehem-Easton, PA-NJ","10900",2022,365,261,102,2,0,0,0,118,64,42,0,14,198,153,0
"Altoona, PA","11020",2022,363,296,67,0,0,0,0,97,54,39,0,0,173,190,0
"Amarillo, TX","11100",2022,365,265,95,5,0,0,0,122,77,44,0,0,319,46,0
"Americus, GA","11140",2022,238,224,14,0,0,0,0,93,47,35,0,0,238,0,0
"Anchorage, AK","11260",2022,365,304,60,1,0,0,0,125,61,23,1,0,0,198,166
"Ann Arbor, MI","11460",2022,365,276,88,1,0,0,0,101,64,41,0,0,233,132,0
"Appleton, WI","11540",2022,365,305,59,1,0,0,0,122,56,38,0,0,150,215,0
"Ardmore, OK","11620",2022,365,259,97,8,1,0,0,157,74,43,0,0,225,140,0
"Arkadelphia, AR","11660",2022,363,350,13,0,0,0,0,90,46,35,0,0,363,0,0
"Asheville, NC","11700",2022,365,313,51,1,0,0,0,108,54,42,0,0,230,135,0
"Ashtabula, OH","11780",2022,239,211,23,5,0,0,0,133,54,38,0,0,239,0,0
"Athens, OH","11900",2022,119,116,3,0,0,0,0,63,39,20,0,0,0,119,0
"Athens, TN","11940",2022,357,325,32,0,0,0,0,70,50,30,0,0,0,357,0
"Athens-Clarke County, GA","12020",2022,362,271,91,0,0,0,0,87,59,43,0,0,166,196,0
"Atlanta-Sandy Springs-Roswell, GA","12060",2022,365,211,145,8,1,0,0,169,71,47,0,13,162,190,0
"Atlantic City-Hammonton, NJ","12100",2022,365,346,18,0,1,0,0,176,45,33,0,0,283,82,0
"Augusta-Richmond County, GA-SC","12260",2022,365,266,99,0,0,0,0,99,60,43,0,0,180,185,0
"Augusta-Waterville, ME","12300",2022,203,198,5,0,0,0,0,84,44,29,0,0,171,30,2
"Austin-Round Rock, TX","12420",2022,365,246,112,7,0,0,0,129,75,44,0,10,201,154,0
"Bakersfield, CA","12540",2022,365,65,178,109,12,1,0,289,136,80,0,0,212,124,29
"Baltimore-Columbia-Towson, MD","12580",2022,365,258,105,2,0,0,0,122,68,44,0,13,242,110,0
"Bangor, ME","12620",2022,361,345,16,0,0,0,0,87,45,30,0,0,200,158,3
"Baraboo, WI","12660",2022,360,315,45,0,0,0,0,76,54,36,0,0,165,194,1
"Barnstable Town, MA","12700",2022,360,342,18,0,0,0,0,93,45,36,0,0,356,4,0
"Baton Rouge, LA","12940",2022,365,210,144,10,1,0,0,156,77,47,0,0,198,167,0
"Bay City, MI","13020",2022,354,320,34,0,0,0,0,83,48,24,0,0,0,354,0
"Beatrice, NE","13100",2022,278,268,10,0,0,0,0,78,37,17,0,0,0,278,0
"Beaumont-Port Arthur, TX","13140",2022,365,270,90,5,0,0,0,129,64,43,0,2,201,162,0
"Beaver Dam, WI","13180",2022,365,313,52,0,0,0,0,93,56,38,0,0,251,113,1
"Bellingham, WA","13380",2022,343,310,24,3,5,1,0,218,49,31,0,0,213,130,0
"Bemidji, MN","13420",2022,346,342,4,0,0,0,0,60,35,18,0,0,0,346,0
"Bend-Redmond, OR","13460",2022,365,312,47,2,4,0,0,189,57,18,0,0,0,365,0
"Bennington, VT","13540",2022,365,349,16,0,0,0,0,74,45,35,0,0,319,46,0
"Berlin, NH-VT","13620",2022,359,350,9,0,0,0,0,64,46,40,0,0,355,4,0
"Billings, MT","13740",2022,365,339,24,1,1,0,0,154,45,24,0,0,0,365,0
"Birmingham-Hoover, AL","13820",2022,365,198,164,3,0,0,0,105,71,49,0,0,126,239,0
"Bishop, CA","13860",2022,365,140,194,18,4,4,5,1445,97,57,0,0,210,105,50
"Bismarck, ND","13900",2022,365,290,75,0,0,0,0,99,56,39,0,1,223,132,9
"Blacksburg-Christiansburg-Radford, VA","13980",2022,358,329,29,0,0,0,0,100,50,38,0,0,358,0,0
"Bloomington, IL","14010",2022,365,276,87,2,0,0,0,129,59,42,0,0,179,186,0
"Bloomington, IN","14020",2022,365,306,57,2,0,0,0,101,54,39,0,0,253,112,0
"Boise City, ID","14260",2022,365,184,168,11,2,0,0,178,84,50,0,3,180,174,8
"Boston-Cambridge-Newton, MA-NH","14460",2022,365,280,79,6,0,0,0,122,61,43,0,5,232,128,0
"Boulder, CO","14500",2022,365,249,109,7,0,0,0,129,77,45,0,0,295,68,2
"Bowling Green, KY","14540",2022,365,307,58,0,0,0,0,84,54,40,0,0,252,113,0
"Bozeman, MT","14580",2022,365,322,39,4,0,0,0,148,52,24,0,3,0,362,0
"Brainerd, MN","14660",2022,365,340,25,0,0,0,0,67,46,35,0,0,199,166,0
"Branson, MO","14700",2022,118,112,6,0,0,0,0,67,39,19,0,0,0,118,0
"Bremerton-Silverdale, WA","14740",2022,359,328,28,3,0,0,0,143,48,21,0,0,0,359,0
"Bridgeport-Stamford-Norwalk, CT","14860",2022,365,255,88,20,2,0,0,156,84,42,0,19,195,151,0
"Brookings, SD","15100",2022,364,323,41,0,0,0,0,87,53,35,0,0,284,33,47
"Brownsville-Harlingen, TX","15180",2022,365,259,103,3,0,0,0,120,66,42,0,0,141,224,0
"Brunswick, GA","15260",2022,356,292,63,1,0,0,0,106,57,38,0,0,129,227,0
"Buffalo-Cheektowaga-Niagara Falls, NY","15380",2022,365,293,70,2,0,0,0,150,58,40,0,14,230,120,1
"Burlington-South Burlington, VT","15540",2022,365,340,25,0,0,0,0,89,48,38,0,0,281,84,0
"Butte-Silver Bow, MT","15580",2022,365,298,57,8,2,0,0,159,62,22,0,0,0,245,120
"Cadillac, MI","15620",2022,365,305,55,5,0,0,0,144,55,39,0,0,218,147,0
"Cambridge, MD","15700",2022,365,320,45,0,0,0,0,93,51,40,0,0,295,70,0
"Canton-Massillon, OH","15940",2022,365,274,89,2,0,0,0,136,62,43,0,0,176,189,0
"Cape Coral-Fort Myers, FL","15980",2022,302,269,33,0,0,0,0,80,52,37,0,0,222,80,0
"Carlsbad-Artesia, NM","16100",2022,365,209,128,27,1,0,0,151,93,48,0,1,358,6,0
"Carson City, NV","16180",2022,364,310,45,5,3,1,0,202,55,43,0,0,308,56,0
"Casper, WY","16220",2022,365,320,45,0,0,0,0,97,54,42,0,0,358,7,0
"Ca¤on City, CO","15860",2022,118,115,3,0,0,0,0,77,26,12,0,0,0,0,118
"Cedar City, UT","16260",2022,365,318,47,0,0,0,0,80,52,41,0,14,330,21,0
"Cedar Rapids, IA","16300",2022,365,277,88,0,0,0,0,81,56,41,0,0,161,203,1
"Centralia, WA","16500",2022,365,310,45,7,3,0,0,186,62,19,0,0,0,365,0
"Chambersburg-Waynesboro, PA","16540",2022,237,225,12,0,0,0,0,84,47,39,0,0,237,0,0
"Champaign-Urbana, IL","16580",2022,365,295,69,1,0,0,0,126,58,40,0,0,228,137,0
"Charleston, WV","16620",2022,353,315,38,0,0,0,0,90,51,37,1,0,188,164,0
"Charleston-North Charleston, SC","16700",2022,365,294,71,0,0,0,0,84,56,40,0,1,182,180,2
"Charlotte-Concord-Gastonia, NC-SC","16740",2022,365,237,125,3,0,0,0,126,71,47,0,0,232,133,0
"Charlottesville, VA","16820",2022,361,328,33,0,0,0,0,67,50,38,0,0,175,186,0
"Chattanooga, TN-GA","16860",2022,359,214,144,1,0,0,0,105,68,46,0,0,116,243,0
"Cheyenne, WY","16940",2022,363,304,59,0,0,0,0,90,58,42,1,1,337,20,4
"Chicago-Naperville-Elgin, IL-IN-WI","16980",2022,365,174,176,12,3,0,0,188,82,51,0,15,128,188,34
"Chico, CA","17020",2022,365,225,137,3,0,0,0,119,75,46,0,0,268,97,0
"Cincinnati, OH-KY-IN","17140",2022,365,183,176,5,1,0,0,151,74,50,0,11,134,208,12
"Claremont-Lebanon, NH-VT","17200",2022,365,354,11,0,0,0,0,84,44,34,0,0,292,73,0
"Clarksburg, WV","17220",2022,113,106,7,0,0,0,0,64,46,25,0,0,0,113,0
"Clarksville, TN-KY","17300",2022,365,271,94,0,0,0,0,85,62,42,0,0,168,197,0
"Clearlake, CA","17340",2022,363,362,1,0,0,0,0,73,43,32,0,0,355,8,0
"Cleveland, MS","17380",2022,365,296,69,0,0,0,0,92,56,38,0,0,157,208,0
"Cleveland-Elyria, OH","17460",2022,365,208,149,6,2,0,0,156,74,47,0,5,163,185,12
"Clinton, IA","17540",2022,364,240,123,1,0,0,0,107,63,42,0,0,124,240,0
"Coeur d'Alene, ID","17660",2022,359,299,53,4,3,0,0,177,58,22,0,0,0,359,0
"College Station-Bryan, TX","17780",2022,345,316,29,0,0,0,0,93,47,30,0,0,0,345,0
"Colorado Springs, CO","17820",2022,365,259,104,2,0,0,0,115,74,45,0,0,350,15,0
"Columbia, MO","17860",2022,245,235,10,0,0,0,0,67,48,38,0,0,245,0,0
"Columbia, SC","17900",2022,365,301,64,0,0,0,0,93,57,41,0,0,235,130,0
"Columbus, GA-AL","17980",2022,365,277,86,2,0,0,0,149,59,42,0,0,135,230,0
"Columbus, IN","18020",2022,365,317,47,1,0,0,0,105,53,38,0,0,277,88,0
"Columbus, OH","18140",2022,365,270,92,3,0,0,0,143,64,42,0,4,200,160,1
"Concord, NH","18180",2022,212,205,7,0,0,0,0,84,46,36,0,0,212,0,0
"Cookeville, TN","18260",2022,347,334,13,0,0,0,0,79,42,24,0,0,0,347,0
"Corning, NY","18500",2022,365,348,17,0,0,0,0,67,45,35,0,0,299,66,0
"Corpus Christi, TX","18580",2022,365,273,90,2,0,0,0,106,61,41,0,0,177,188,0
"Corsicana, TX","18620",2022,364,287,76,1,0,0,0,101,61,42,0,3,267,94,0
"Corvallis, OR","18700",2022,206,195,11,0,0,0,0,64,40,15,0,0,0,206,0
"Crescent City, CA","18860",2022,344,322,22,0,0,0,0,70,41,22,0,0,0,344,0
"Crestview-Fort Walton Beach-Destin, FL","18880",2022,170,155,15,0,0,0,0,84,49,39,0,0,166,0,4
"Dallas-Fort Worth-Arlington, TX","19100",2022,365,159,154,49,3,0,0,187,108,54,0,14,226,124,1
"Dalton, GA","19140",2022,279,251,27,1,0,0,0,105,51,38,0,0,240,39,0
"Danville, VA","19260",2022,363,363,0,0,0,0,0,28,7,3,0,363,0,0,0
"Daphne-Fairhope-Foley, AL","19300",2022,281,256,25,0,0,0,0,96,50,37,0,0,224,57,0
"Davenport-Moline-Rock Island, IA-IL","19340",2022,365,263,102,0,0,0,0,96,65,42,0,0,176,120,69
"Dayton, OH","19380",2022,365,256,106,3,0,0,0,136,63,43,0,0,213,152,0
"Decatur, AL","19460",2022,365,289,75,1,0,0,0,111,58,40,0,0,142,223,0
"Decatur, IL","19500",2022,365,285,78,2,0,0,0,115,58,41,0,0,172,193,0
"Deltona-Daytona Beach-Ormond Beach, FL","19660",2022,365,322,43,0,0,0,0,100,52,39,0,0,234,131,0
"Deming, NM","19700",2022,358,317,32,6,2,0,1,775,52,17,0,0,0,0,358
"Denver-Aurora-Lakewood, CO","19740",2022,365,126,204,34,1,0,0,169,100,57,0,53,246,40,26
"Des Moines-West Des Moines, IA","19780",2022,365,319,46,0,0,0,0,87,52,38,0,14,197,152,2
"Detroit-Warren-Dearborn, MI","19820",2022,365,151,196,18,0,0,0,133,82,53,0,7,79,261,18
"Dickinson, ND","19860",2022,363,349,14,0,0,0,0,76,45,37,0,0,290,73,0
"Dodge City, KS","19980",2022,362,339,21,1,1,0,0,169,40,19,0,0,0,0,362
"Douglas, GA","20060",2022,119,111,8,0,0,0,0,71,45,27,0,0,0,119,0
"Dover, DE","20100",2022,120,102,18,0,0,0,0,71,53,39,0,0,55,65,0
"DuBois, PA","20180",2022,219,215,4,0,0,0,0,97,44,35,0,0,219,0,0
"Duluth, MN-WI","20260",2022,365,344,21,0,0,0,0,72,46,34,0,6,295,53,11
"Durango, CO","20420",2022,365,269,95,1,0,0,0,108,71,46,0,0,356,9,0
"Durham-Chapel Hill, NC","20500",2022,365,334,31,0,0,0,0,93,50,39,0,0,220,143,2
"Dyersburg, TN","20540",2022,356,322,33,1,0,0,0,102,50,29,0,0,0,356,0
"Eagle Pass, TX","20580",2022,349,297,51,1,0,0,0,107,57,27,0,0,0,349,0
"East Stroudsburg, PA","20700",2022,202,184,18,0,0,0,0,93,49,39,0,0,202,0,0
"Eau Claire, WI","20740",2022,365,318,47,0,0,0,0,79,52,36,0,0,159,206,0
"Effingham, IL","20820",2022,239,215,24,0,0,0,0,100,51,38,0,0,239,0,0
"El Centro, CA","20940",2022,365,114,204,34,5,2,6,762,106,58,0,4,157,72,132
"El Dorado, AR","20980",2022,115,92,23,0,0,0,0,100,56,35,0,0,0,115,0
"El Paso, TX","21340",2022,365,134,211,19,1,0,0,163,84,54,0,15,183,149,18
"Elizabethtown-Fort Knox, KY","21060",2022,362,303,59,0,0,0,0,84,54,39,0,0,194,168,0
"Elkhart-Goshen, IN","21140",2022,362,303,56,3,0,0,0,127,55,38,0,0,215,147,0
"Elko, NV","21220",2022,363,341,20,2,0,0,0,149,38,18,0,0,0,13,350
"Ellensburg, WA","21260",2022,364,281,78,3,2,0,0,161,70,21,0,0,0,364,0
"Emporia, KS","21380",2022,121,116,5,0,0,0,0,62,37,19,0,0,0,121,0
"Erie, PA","21500",2022,365,325,40,0,0,0,0,90,52,34,0,9,186,170,0
"Espa¤ola, NM","21580",2022,331,305,25,1,0,0,0,105,49,40,0,0,317,14,0
"Eugene, OR","21660",2022,365,227,99,5,15,9,10,385,116,38,0,0,96,269,0
"Eureka-Arcata-Fortuna, CA","21700",2022,365,349,16,0,0,0,0,70,33,24,1,0,244,57,63
"Evanston, WY","21740",2022,365,363,2,0,0,0,0,55,17,7,0,0,0,0,365
"Evansville, IN-KY","21780",2022,365,248,116,1,0,0,0,101,63,44,0,0,198,166,1
"Fairbanks, AK","21820",2022,365,239,79,18,28,1,0,280,118,38,0,0,131,230,4
"Fairmont, WV","21900",2022,117,107,10,0,0,0,0,69,49,27,0,0,0,117,0
"Fallon, NV","21980",2022,349,330,19,0,0,0,0,100,47,39,0,0,349,0,0
"Fargo, ND-MN","22020",2022,365,313,51,1,0,0,0,111,54,36,0,5,236,124,0
"Farmington, NM","22140",2022,365,238,116,9,1,1,0,220,77,45,0,2,342,0,21
"Fayetteville, NC","22180",2022,360,298,61,1,0,0,0,115,58,41,0,0,206,143,11
"Fayetteville-Springdale-Rogers, AR-MO","22220",2022,365,296,66,3,0,0,0,119,59,43,0,0,258,107,0
"Fernley, NV","22280",2022,355,329,25,1,0,0,0,105,49,39,0,0,355,0,0
"Flagstaff, AZ","22380",2022,365,283,81,1,0,0,0,101,64,44,0,0,362,3,0
"Flint, MI","22420",2022,364,291,71,2,0,0,0,112,59,39,0,0,198,166,0
"Florence, SC","22500",2022,363,299,64,0,0,0,0,84,54,39,0,0,155,208,0
"Fond du Lac, WI","22540",2022,203,193,9,1,0,0,0,108,48,36,0,0,203,0,0
"Fort Collins, CO","22660",2022,365,213,144,8,0,0,0,126,84,49,0,0,334,31,0
"Fort Madison-Keokuk, IA-IL-MO","22800",2022,106,95,11,0,0,0,0,86,51,30,0,0,0,106,0
"Fort Payne, AL","22840",2022,364,341,23,0,0,0,0,97,48,37,0,0,331,33,0
"Fort Smith, AR-OK","22900",2022,364,319,43,2,0,0,0,122,54,38,0,9,191,164,0
"Fort Wayne, IN","23060",2022,365,274,88,3,0,0,0,115,64,42,0,0,199,166,0
"Fresno, CA","23420",2022,365,97,198,67,3,0,0,159,115,71,0,1,215,133,16
"Gadsden, AL","23460",2022,359,294,65,0,0,0,0,93,55,39,0,0,141,218,0
"Gainesville, FL","23540",2022,362,338,24,0,0,0,0,84,48,36,0,0,247,115,0
"Gainesville, GA","23580",2022,364,295,69,0,0,0,0,76,55,35,0,0,0,364,0
"Gardnerville Ranchos, NV","23820",2022,356,319,31,1,5,0,0,183,52,15,0,0,0,356,0
"Gettysburg, PA","23900",2022,365,292,73,0,0,0,0,97,55,41,0,0,230,135,0
"Gillette, WY","23940",2022,365,212,144,7,1,0,1,576,73,48,0,0,146,16,203
"Glenwood Springs, CO","24060",2022,365,339,26,0,0,0,0,84,49,40,0,0,359,1,5
"Grand Island, NE","24260",2022,350,331,19,0,0,0,0,81,43,20,0,0,0,350,0
"Grand Junction, CO","24300",2022,365,305,59,1,0,0,0,108,55,43,0,0,326,37,2
"Grand Rapids-Wyoming, MI","24340",2022,365,258,103,2,2,0,0,164,67,42,0,4,190,169,2
"Grants Pass, OR","24420",2022,365,244,106,8,6,1,0,227,81,29,0,0,0,365,0
"Great Falls, MT","24500",2022,359,340,17,2,0,0,0,128,38,17,0,0,0,359,0
"Greeley, CO","24540",2022,365,202,153,10,0,0,0,133,87,49,0,3,294,68,0
"Green Bay, WI","24580",2022,359,299,55,4,1,0,0,161,61,37,0,0,186,173,0
"Greenfield Town, MA","24640",2022,365,310,54,1,0,0,0,108,55,35,0,0,232,133,0
"Greensboro-High Point, NC","24660",2022,365,284,81,0,0,0,0,84,55,42,0,0,196,158,11
"Greenville, NC","24780",2022,365,345,20,0,0,0,0,97,47,34,0,0,216,149,0
"Greenville-Anderson-Mauldin, SC","24860",2022,365,252,113,0,0,0,0,97,62,44,0,0,198,167,0
"Guayama, PR","25020",2022,67,65,2,0,0,0,0,63,26,14,0,0,0,32,35
"Gulfport-Biloxi-Pascagoula, MS","25060",2022,365,268,96,1,0,0,0,101,62,42,0,2,168,195,0
"Hagerstown-Martinsburg, MD-WV","25180",2022,354,307,47,0,0,0,0,87,53,39,0,0,216,138,0
"Hailey, ID","25200",2022,355,338,12,2,3,0,0,174,37,17,0,0,0,355,0
"Hammond, LA","25220",2022,124,111,13,0,0,0,0,96,51,29,0,0,0,124,0
"Hanford-Corcoran, CA","25260",2022,365,90,225,48,2,0,0,187,108,67,0,0,180,127,58
"Harrisburg-Carlisle, PA","25420",2022,365,256,106,3,0,0,0,127,64,43,0,0,164,201,0
"Harrison, AR","25460",2022,365,343,21,1,0,0,0,105,48,37,0,0,353,12,0
"Harrisonburg, VA","25500",2022,365,354,11,0,0,0,0,74,45,34,0,101,227,37,0
"Hartford-West Hartford-East Hartford, CT","25540",2022,365,282,76,7,0,0,0,147,64,40,0,21,251,93,0
"Hattiesburg, MS","25620",2022,365,266,98,1,0,0,0,105,59,38,0,0,0,365,0
"Helena, MT","25740",2022,365,299,59,4,3,0,0,163,58,43,0,0,247,118,0
"Hermiston-Pendleton, OR","25840",2022,365,291,71,3,0,0,0,141,62,37,0,0,136,229,0
"Hickory-Lenoir-Morganton, NC","25860",2022,365,294,71,0,0,0,0,90,56,40,0,0,185,179,1
"Hilo, HI","25900",2022,365,359,6,0,0,0,0,67,38,25,0,0,0,365,0
"Hobbs, NM","26020",2022,365,262,98,5,0,0,0,126,73,44,0,2,307,56,0
"Holland, MI","26090",2022,344,281,55,6,2,0,0,195,64,37,0,0,218,126,0
"Homosassa Springs, FL","26140",2022,342,315,27,0,0,0,0,75,48,34,0,0,0,342,0
"Hot Springs, AR","26300",2022,112,99,13,0,0,0,0,89,53,33,0,0,0,112,0
"Houghton, MI","26340",2022,122,121,1,0,0,0,0,52,24,9,0,0,0,122,0
"Houma-Thibodaux, LA","26380",2022,356,298,57,1,0,0,0,109,54,37,0,0,177,179,0
"Houston-The Woodlands-Sugar Land, TX","26420",2022,365,112,214,33,6,0,0,179,101,58,0,6,161,158,40
"Huntington-Ashland, WV-KY-OH","26580",2022,365,299,66,0,0,0,0,93,55,40,0,7,185,170,3
"Huntsville, AL","26620",2022,365,289,76,0,0,0,0,97,57,40,0,0,140,221,4
"Idaho Falls, ID","26820",2022,365,325,39,1,0,0,0,109,51,42,0,0,337,28,0
"Indiana, PA","26860",2022,365,328,36,1,0,0,0,105,51,38,0,0,178,187,0
"Indianapolis-Carmel-Anderson, IN","26900",2022,365,179,171,14,1,0,0,153,80,51,0,4,128,231,2
"Iowa City, IA","26980",2022,365,303,61,1,0,0,0,108,57,33,0,0,0,365,0
"Ithaca, NY","27060",2022,361,349,12,0,0,0,0,67,44,36,0,0,361,0,0
"Jackson, MS","27140",2022,365,259,104,2,0,0,0,105,63,43,0,0,161,204,0
"Jackson, TN","27180",2022,359,315,43,1,0,0,0,102,52,30,0,0,0,359,0
"Jackson, WY-ID","27220",2022,365,344,21,0,0,0,0,100,48,42,0,1,353,11,0
"Jacksonville, FL","27260",2022,365,247,118,0,0,0,0,93,61,45,0,2,136,225,2
"Jamestown-Dunkirk-Fredonia, NY","27460",2022,355,329,22,4,0,0,0,140,49,36,0,0,342,13,0
"Janesville-Beloit, WI","27500",2022,202,184,18,0,0,0,0,97,50,39,0,0,202,0,0
"Jasper, IN","27540",2022,123,108,15,0,0,0,0,86,53,32,0,0,0,111,12
"Jefferson City, MO","27620",2022,244,222,22,0,0,0,0,74,50,40,0,0,244,0,0
"Johnstown, PA","27780",2022,363,252,110,1,0,0,0,119,62,43,2,2,140,219,0
"Joplin, MO","27900",2022,363,283,79,1,0,0,0,108,68,41,0,0,206,0,157
"Juneau, AK","27940",2022,342,308,34,0,0,0,0,95,50,15,0,0,0,341,1
"Kahului-Wailuku-Lahaina, HI","27980",2022,361,360,1,0,0,0,0,53,25,15,0,0,0,361,0
"Kalamazoo-Portage, MI","28020",2022,352,245,104,3,0,0,0,134,67,43,0,0,161,191,0
"Kalispell, MT","28060",2022,365,284,78,2,1,0,0,152,60,39,0,0,189,131,45
"Kansas City, MO-KS","28140",2022,365,205,153,7,0,0,0,115,77,48,0,8,178,159,20
"Kapaa, HI","28180",2022,90,90,0,0,0,0,0,34,19,10,0,17,0,73,0
"Keene, NH","28300",2022,365,331,34,0,0,0,0,81,50,34,0,0,278,87,0
"Kennewick-Richland, WA","28420",2022,365,302,60,0,3,0,0,165,59,36,0,0,146,174,45
"Killeen-Temple, TX","28660",2022,365,272,90,3,0,0,0,129,71,43,0,0,287,78,0
"Kingsport-Bristol-Bristol, TN-VA","28700",2022,364,330,34,0,0,0,0,87,50,36,0,0,226,138,0
"Kingsville, TX","28780",2022,347,254,89,4,0,0,0,133,61,35,0,0,0,347,0
"Kinston, NC","28820",2022,241,217,23,1,0,0,0,108,50,39,0,0,241,0,0
"Klamath Falls, OR","28900",2022,365,267,94,2,2,0,0,160,66,29,0,0,0,365,0
"Knoxville, TN","28940",2022,365,239,124,1,1,0,0,159,63,45,0,0,208,157,0
"Kokomo, IN","29020",2022,364,290,70,4,0,0,0,108,59,40,0,0,269,95,0
"La Crosse-Onalaska, WI-MN","29100",2022,365,320,45,0,0,0,0,83,53,35,0,0,163,202,0
"La Grande, OR","29260",2022,361,321,36,4,0,0,0,130,52,21,0,0,0,355,6
"Laconia, NH","29060",2022,358,349,9,0,0,0,0,64,43,29,0,0,210,148,0
"Lafayette, LA","29180",2022,365,266,97,2,0,0,0,103,63,41,0,0,239,126,0
"Lafayette-West Lafayette, IN","29200",2022,365,312,53,0,0,0,0,95,54,37,0,0,257,108,0
"Lake Charles, LA","29340",2022,365,247,118,0,0,0,0,100,66,43,0,0,154,207,4
"Lake City, FL","29380",2022,363,303,60,0,0,0,0,90,55,38,0,0,196,167,0
"Lake Havasu City-Kingman, AZ","29420",2022,357,340,16,1,0,0,0,115,32,17,0,0,0,0,357
"Lakeland-Winter Haven, FL","29460",2022,363,321,42,0,0,0,0,87,51,38,0,0,244,119,0
"Lancaster, PA","29540",2022,365,153,205,6,1,0,0,152,77,54,0,0,63,302,0
"Lansing-East Lansing, MI","29620",2022,365,287,78,0,0,0,0,93,58,39,0,5,230,130,0
"Laramie, WY","29660",2022,365,226,135,2,2,0,0,159,67,48,0,17,278,1,69
"Laredo, TX","29700",2022,361,276,83,2,0,0,0,114,66,35,0,0,30,316,15
"Las Cruces, NM","29740",2022,365,181,155,24,1,2,2,375,93,51,0,21,231,24,89
"Las Vegas-Henderson-Paradise, NV","29820",2022,365,104,235,20,3,1,2,482,97,63,0,5,220,102,38
"Lawrenceburg, TN","29980",2022,351,337,14,0,0,0,0,80,42,20,0,0,0,351,0
"Lawton, OK","30020",2022,353,252,99,2,0,0,0,126,71,44,0,0,228,125,0
"Lebanon, PA","30140",2022,364,289,73,2,0,0,0,108,59,38,0,0,161,203,0
"Lewiston, ID-WA","30300",2022,365,253,105,3,4,0,0,187,68,35,0,0,0,365,0
"Lewiston-Auburn, ME","30340",2022,358,340,18,0,0,0,0,97,45,30,0,0,210,145,3
"Lexington-Fayette, KY","30460",2022,365,304,60,1,0,0,0,106,58,40,0,9,211,145,0
"Lima, OH","30620",2022,365,312,53,0,0,0,0,97,56,38,0,0,230,135,0
"Lincoln, NE","30700",2022,277,267,10,0,0,0,0,61,44,37,0,0,231,46,0
"Little Rock-North Little Rock-Conway, AR","30780",2022,365,251,113,1,0,0,0,115,64,43,0,4,136,225,0
"Logan, UT-ID","30860",2022,365,268,90,6,1,0,0,154,67,44,0,0,261,104,0
"Longview, TX","30980",2022,365,329,35,1,0,0,0,143,50,35,0,2,363,0,0
"Longview, WA","31020",2022,363,335,26,2,0,0,0,144,45,16,0,0,0,363,0
"Los Alamos, NM","31060",2022,118,114,3,1,0,0,0,103,30,10,0,0,0,118,0
"Los Angeles-Long Beach-Anaheim, CA","31080",2022,365,40,231,64,29,1,0,209,140,73,0,34,193,127,11
"Louisville/Jefferson County, KY-IN","31140",2022,365,214,143,8,0,0,0,136,70,47,0,8,167,188,2
"Lubbock, TX","31180",2022,347,321,24,2,0,0,0,138,44,20,0,0,0,347,0
"Ludington, MI","31220",2022,236,219,15,1,1,0,0,161,49,36,0,0,236,0,0
"Lynchburg, VA","31340",2022,116,115,1,0,0,0,0,55,40,22,0,0,0,116,0
"Macon, GA","31420",2022,365,295,70,0,0,0,0,90,55,38,0,0,121,244,0
"Madera, CA","31460",2022,365,171,181,13,0,0,0,136,87,51,0,0,231,103,31
"Madison, WI","31540",2022,365,299,66,0,0,0,0,90,58,39,0,0,149,215,1
"Manchester-Nashua, NH","31700",2022,365,341,24,0,0,0,0,100,49,39,2,0,353,10,0
"Manitowoc, WI","31820",2022,198,167,25,4,2,0,0,182,71,38,0,0,198,0,0
"Marietta, OH","31930",2022,245,222,23,0,0,0,0,84,50,39,0,0,245,0,0
"Marshall, MN","32140",2022,356,324,30,0,2,0,0,167,49,36,0,0,212,144,0
"Marshall, TX","32220",2022,328,237,86,4,1,0,0,173,61,43,0,2,170,156,0
"Mason City, IA","32380",2022,117,116,1,0,0,0,0,61,31,17,0,0,0,0,117
"Mayaguez, PR","32420",2022,321,280,36,4,1,0,0,154,53,31,0,0,98,223,0
"McAlester, OK","32540",2022,348,269,75,4,0,0,0,139,60,42,0,0,190,158,0
"McAllen-Edinburg-Mission, TX","32580",2022,365,264,98,3,0,0,0,136,67,41,0,0,156,208,1
"Medford, OR","32780",2022,365,264,93,5,3,0,0,161,65,39,0,0,126,239,0
"Memphis, TN-MS-AR","32820",2022,365,248,104,10,3,0,0,159,71,44,0,5,204,155,1
"Merced, CA","32900",2022,365,168,184,13,0,0,0,143,86,52,0,0,214,116,35
"Meridian, MS","32940",2022,240,230,10,0,0,0,0,77,47,36,0,0,240,0,0
"Miami, OK","33060",2022,365,225,129,6,4,1,0,238,73,45,0,0,148,212,5
"Miami-Fort Lauderdale-West Palm Beach, FL","33100",2022,365,283,80,2,0,0,0,136,59,42,0,22,144,197,2
"Michigan City-La Porte, IN","33140",2022,365,324,38,3,0,0,0,133,53,36,0,0,324,41,0
"Middlesborough, KY","33180",2022,365,266,99,0,0,0,0,90,61,42,0,0,160,205,0
"Milwaukee-Waukesha-West Allis, WI","33340",2022,365,242,117,5,1,0,0,159,70,44,0,5,185,155,20
"Minneapolis-St. Paul-Bloomington, MN-WI","33460",2022,365,259,106,0,0,0,0,95,61,44,0,7,204,128,26
"Minot, ND","33500",2022,359,342,17,0,0,0,0,77,45,35,0,0,286,73,0
"Missoula, MT","33540",2022,365,207,143,11,4,0,0,179,78,45,0,0,153,212,0
"Mobile, AL","33660",2022,363,313,50,0,0,0,0,93,54,37,0,0,165,198,0
"Modesto, CA","33700",2022,365,163,179,22,1,0,0,166,94,54,0,0,188,149,28
"Monroe, LA","33740",2022,359,329,29,1,0,0,0,105,50,36,0,0,321,38,0
"Monroe, MI","33780",2022,61,51,8,1,0,0,1,596,59,26,0,0,0,0,61
"Montgomery, AL","33860",2022,365,320,45,0,0,0,0,95,54,38,0,0,212,153,0
"Morehead City, NC","33980",2022,359,346,13,0,0,0,0,77,46,35,0,0,359,0,0
"Morgantown, WV","34060",2022,280,264,16,0,0,0,0,77,47,36,0,0,229,51,0
"Morristown, TN","34100",2022,244,219,25,0,0,0,0,87,51,41,0,0,244,0,0
"Moscow, ID","34140",2022,361,336,20,1,4,0,0,181,43,10,0,0,0,361,0
"Moses Lake, WA","34180",2022,365,315,47,0,3,0,0,161,54,23,0,0,0,365,0
"Mount Vernon, IL","34500",2022,365,296,69,0,0,0,0,87,58,39,0,0,179,186,0
"Mount Vernon, OH","34540",2022,245,225,19,1,0,0,0,119,50,39,0,0,245,0,0
"Mount Vernon-Anacortes, WA","34580",2022,365,339,21,4,1,0,0,175,43,29,0,0,171,194,0
"Muncie, IN","34620",2022,359,321,37,1,0,0,0,115,51,37,0,0,329,30,0
"Muscatine, IA","34700",2022,365,316,49,0,0,0,0,87,53,32,0,0,0,360,5
"Muskegon, MI","34740",2022,243,211,25,5,2,0,0,187,58,37,0,0,243,0,0
"Myrtle Beach-Conway-North Myrtle Beach, SC-NC","34820",2022,263,247,16,0,0,0,0,93,49,38,0,0,263,0,0
"Naples-Immokalee-Marco Island, FL","34940",2022,347,326,21,0,0,0,0,79,47,36,0,0,226,121,0
"Nashville-Davidson--Murfreesboro--Franklin, TN","34980",2022,365,227,134,4,0,0,0,147,67,45,0,20,154,191,0
"New Castle, IN","35220",2022,111,101,10,0,0,0,0,94,48,25,0,0,0,111,0
"New Castle, PA","35260",2022,243,223,18,2,0,0,0,126,48,37,0,0,243,0,0
"New Haven-Milford, CT","35300",2022,365,268,90,7,0,0,0,133,64,41,0,16,224,123,2
"New Orleans-Metairie, LA","35380",2022,365,251,111,3,0,0,0,108,65,44,0,1,171,193,0
"New York-Newark-Jersey City, NY-NJ-PA","35620",2022,365,196,158,10,1,0,0,161,80,48,1,50,174,140,0
"Niles-Benton Harbor, MI","35660",2022,232,197,30,4,1,0,0,156,61,39,0,0,232,0,0
"Nogales, AZ","35700",2022,357,273,83,1,0,0,0,138,66,34,0,0,0,254,103
"North Port-Sarasota-Bradenton, FL","35840",2022,363,306,57,0,0,0,0,100,57,40,0,0,242,121,0
"Norwich-New London, CT","35980",2022,365,322,39,4,0,0,0,108,54,35,0,0,193,172,0
"Ocala, FL","36100",2022,363,326,37,0,0,0,0,93,51,38,0,0,237,126,0
"Odessa, TX","36220",2022,360,315,45,0,0,0,0,93,52,28,0,0,0,360,0
"Ogden-Clearfield, UT","36260",2022,365,207,147,11,0,0,0,147,87,47,0,19,265,75,6
"Oklahoma City, OK","36420",2022,365,203,153,9,0,0,0,129,77,48,0,21,192,144,8
"Olympia-Tumwater, WA","36500",2022,348,327,18,1,2,0,0,155,43,24,0,0,135,213,0
"Omaha-Council Bluffs, NE-IA","36540",2022,365,274,90,1,0,0,0,108,61,42,0,0,249,77,39
"Orlando-Kissimmee-Sanford, FL","36740",2022,365,312,53,0,0,0,0,97,54,40,0,0,283,82,0
"Othello, WA","36830",2022,365,336,25,2,2,0,0,159,40,14,0,0,0,365,0
"Owensboro, KY","36980",2022,365,294,70,1,0,0,0,108,58,41,0,3,200,162,0
"Oxford, NC","37080",2022,244,223,20,1,0,0,0,112,50,42,0,0,244,0,0
"Oxnard-Thousand Oaks-Ventura, CA","37100",2022,365,223,131,11,0,0,0,140,80,47,0,1,306,58,0
"Paducah, KY-IL","37140",2022,345,267,74,4,0,0,0,143,64,41,0,15,193,137,0
"Pahrump, NV","37220",2022,358,306,41,6,4,1,0,294,57,22,0,0,0,0,358
"Palatka, FL","37260",2022,323,321,2,0,0,0,0,58,27,16,0,0,0,0,323
"Palm Bay-Melbourne-Titusville, FL","37340",2022,365,326,39,0,0,0,0,80,51,39,0,0,262,103,0
"Panama City, FL","37460",2022,365,302,63,0,0,0,0,99,55,39,0,0,207,158,0
"Parkersburg-Vienna, WV","37620",2022,281,258,22,1,0,0,0,108,49,37,0,0,226,55,0
"Payson, AZ","37740",2022,365,246,101,16,2,0,0,177,84,45,0,0,340,0,25
"Pensacola-Ferry Pass-Brent, FL","37860",2022,365,265,98,2,0,0,0,133,62,43,0,0,195,170,0
"Peoria, IL","37900",2022,319,242,77,0,0,0,0,100,62,42,0,0,170,149,0
"Philadelphia-Camden-Wilmington, PA-NJ-DE-MD","37980",2022,365,175,184,6,0,0,0,126,77,51,0,15,159,191,0
"Phoenix-Mesa-Scottsdale, AZ","38060",2022,365,34,225,81,17,6,2,670,140,78,0,1,177,51,136
"Pierre, SD","38180",2022,362,357,5,0,0,0,0,58,21,5,0,0,0,362,0
"Pittsburgh, PA","38300",2022,365,161,193,10,1,0,0,151,84,53,0,0,116,249,0
"Pittsfield, MA","38340",2022,365,324,41,0,0,0,0,87,52,38,0,0,253,112,0
"Platteville, WI","38420",2022,359,310,49,0,0,0,0,77,53,30,0,0,0,359,0
"Pocatello, ID","38540",2022,365,287,76,2,0,0,0,140,65,39,0,0,118,137,110
"Ponca City, OK","38620",2022,361,310,51,0,0,0,0,92,54,32,0,0,0,361,0
"Ponce, PR","38660",2022,295,271,24,0,0,0,0,99,45,16,118,0,0,71,106
"Port Angeles, WA","38820",2022,365,322,41,2,0,0,0,124,53,35,0,0,249,116,0
"Port St. Lucie, FL","38940",2022,365,337,27,1,0,0,0,108,49,37,0,0,229,136,0
"Portland-South Portland, ME","38860",2022,362,334,25,3,0,0,0,126,49,36,0,9,317,33,3
"Portland-Vancouver-Hillsboro, OR-WA","38900",2022,365,255,103,3,4,0,0,169,73,37,0,1,210,154,0
"Portsmouth, OH","39020",2022,365,351,14,0,0,0,0,71,36,17,0,0,0,123,242
"Prescott, AZ","39140",2022,365,341,24,0,0,0,0,87,48,40,0,0,365,0,0
"Price, UT","39220",2022,364,326,38,0,0,0,0,74,51,42,0,1,353,10,0
"Prineville, OR","39260",2022,359,320,37,2,0,0,0,128,52,18,0,0,0,359,0
"Providence-Warwick, RI-MA","39300",2022,365,290,70,4,1,0,0,164,60,40,0,5,271,88,1
"Provo-Orem, UT","39340",2022,365,245,115,5,0,0,0,119,74,45,0,9,263,80,13
"Pueblo, CO","39380",2022,349,329,17,3,0,0,0,121,42,20,0,0,0,82,267
"Pullman, WA","39420",2022,365,329,32,0,4,0,0,180,50,18,0,0,0,365,0
"Quincy, IL-MO","39500",2022,237,230,7,0,0,0,0,71,47,39,0,0,237,0,0
"Racine, WI","39540",2022,202,165,34,2,1,0,0,164,67,40,0,0,202,0,0
"Raleigh, NC","39580",2022,365,283,81,1,0,0,0,140,56,42,0,0,210,155,0
"Rapid City, SD","39660",2022,365,213,149,3,0,0,0,130,72,47,0,1,225,23,116
"Reading, PA","39740",2022,365,285,78,2,0,0,0,101,62,41,0,0,200,165,0
"Red Bluff, CA","39780",2022,365,260,102,3,0,0,0,108,74,43,0,0,303,61,1
"Red Wing, MN","39860",2022,220,210,10,0,0,0,0,71,47,38,0,0,220,0,0
"Redding, CA","39820",2022,365,268,91,6,0,0,0,119,70,44,0,0,326,39,0
"Reno, NV","39900",2022,365,229,127,1,6,2,0,234,74,47,0,3,271,81,10
"Richmond, VA","40060",2022,365,304,60,1,0,0,0,112,56,42,0,17,209,139,0
"Riverside-San Bernardino-Ontario, CA","40140",2022,365,25,190,75,61,7,7,1564,179,87,0,16,196,102,51
"Riverton, WY","40180",2022,365,285,80,0,0,0,0,100,58,45,0,0,322,38,5
"Roanoke Rapids, NC","40260",2022,362,338,24,0,0,0,0,67,46,25,0,6,0,356,0
"Roanoke, VA","40220",2022,365,324,41,0,0,0,0,80,52,38,1,6,190,168,0
"Rochester, MN","40340",2022,359,314,44,1,0,0,0,110,53,37,0,0,166,193,0
"Rochester, NY","40380",2022,365,313,50,2,0,0,0,126,54,38,0,1,254,110,0
"Rock Springs, WY","40540",2022,365,286,77,1,1,0,0,157,61,44,0,1,314,0,50
"Rockford, IL","40420",2022,363,300,63,0,0,0,0,97,58,39,0,0,191,172,0
"Rockland, ME","40500",2022,212,206,6,0,0,0,0,80,45,35,0,0,212,0,0
"Rocky Mount, NC","40580",2022,356,337,19,0,0,0,0,93,47,35,0,0,226,130,0
"Rome, GA","40660",2022,356,320,36,0,0,0,0,81,51,28,0,0,0,356,0
"Roseburg, OR","40700",2022,46,31,15,0,0,0,0,64,57,42,0,0,0,46,0
"Roswell, NM","40740",2022,121,117,4,0,0,0,0,59,38,20,0,0,0,121,0
"Ruidoso, NM","40760",2022,109,108,1,0,0,0,0,77,30,12,0,0,0,109,0
"Rutland, VT","40860",2022,365,324,41,0,0,0,0,71,52,35,0,1,230,134,0
"Sacramento--Roseville--Arden-Arcade, CA","40900",2022,365,138,186,32,4,4,1,346,103,60,0,0,249,115,1
"Salem, OH","41400",2022,61,61,0,0,0,0,0,40,23,12,0,0,0,0,61
"Salem, OR","41420",2022,365,278,80,5,2,0,0,164,67,33,0,0,135,230,0
"Salinas, CA","41500",2022,365,337,28,0,0,0,0,77,49,37,0,0,261,72,32
"Salisbury, MD-DE","41540",2022,120,103,17,0,0,0,0,72,53,40,0,0,86,34,0
"Salt Lake City, UT","41620",2022,365,179,164,22,0,0,0,147,96,51,0,42,209,100,14
"San Antonio-New Braunfels, TX","41700",2022,365,186,166,12,1,0,0,194,80,50,0,1,162,201,1
"San Diego-Carlsbad, CA","41740",2022,365,92,247,25,1,0,0,156,97,59,0,2,200,129,34
"San Francisco-Oakland-Hayward, CA","41860",2022,365,222,138,5,0,0,0,129,69,45,0,2,167,196,0
"San Jose-Sunnyvale-Santa Clara, CA","41940",2022,365,231,129,5,0,0,0,119,73,46,0,1,235,128,1
"San Juan-Carolina-Caguas, PR","41980",2022,361,298,61,0,0,2,0,231,59,28,9,17,38,229,68
"San Luis Obispo-Paso Robles-Arroyo Grande, CA","42020",2022,365,178,184,3,0,0,0,115,74,51,0,0,217,135,13
"Sandpoint, ID","41760",2022,364,294,62,5,3,0,0,195,62,26,0,0,0,316,48
"Santa Cruz-Watsonville, CA","42100",2022,365,332,33,0,0,0,0,92,50,32,0,0,240,125,0
"Santa Fe, NM","42140",2022,365,291,74,0,0,0,0,97,61,44,0,0,349,16,0
"Santa Maria-Santa Barbara, CA","42200",2022,365,286,79,0,0,0,0,93,56,43,0,0,238,123,4
"Santa Rosa, CA","42220",2022,365,331,34,0,0,0,0,79,50,32,0,0,243,117,5
"Savannah, GA","42340",2022,335,273,62,0,0,0,0,97,57,39,0,0,138,197,0
"Sayre, PA","42380",2022,303,279,24,0,0,0,0,80,49,37,0,1,220,82,0
"Scottsbluff, NE","42420",2022,339,334,5,0,0,0,0,77,27,12,0,0,0,339,0
"Scranton--Wilkes-Barre--Hazleton, PA","42540",2022,365,314,51,0,0,0,0,74,54,38,2,35,198,130,0
"Seattle-Tacoma-Bellevue, WA","42660",2022,365,228,104,22,7,3,1,306,93,45,0,9,198,158,0
"Sebastian-Vero Beach, FL","42680",2022,357,349,8,0,0,0,0,67,44,33,0,0,357,0,0
"Sebring, FL","42700",2022,349,337,11,1,0,0,0,112,46,33,0,0,349,0,0
"Sevierville, TN","42940",2022,362,314,48,0,0,0,0,93,54,42,0,0,362,0,0
"Sheboygan, WI","43100",2022,203,172,24,6,1,0,0,177,74,40,0,0,203,0,0
"Shelton, WA","43220",2022,365,323,39,3,0,0,0,125,52,17,0,0,0,365,0
"Sheridan, WY","43260",2022,365,312,53,0,0,0,0,88,54,42,0,0,272,91,2
"Show Low, AZ","43320",2022,364,307,57,0,0,0,0,93,58,43,0,0,360,1,3
"Shreveport-Bossier City, LA","43340",2022,365,255,109,1,0,0,0,108,61,43,0,0,151,211,3
"Sierra Vista-Douglas, AZ","43420",2022,365,291,73,1,0,0,0,101,61,44,0,0,332,1,32
"Sioux City, IA-NE-SD","43580",2022,113,104,9,0,0,0,0,73,49,27,0,0,0,113,0
"Sioux Falls, SD","43620",2022,365,313,51,1,0,0,0,105,54,37,0,0,302,38,25
"Somerset, KY","43700",2022,359,319,40,0,0,0,0,79,52,38,0,0,187,172,0
"Somerset, PA","43740",2022,360,351,9,0,0,0,0,90,45,34,0,0,360,0,0
"Sonora, CA","43760",2022,358,344,13,1,0,0,0,108,47,37,0,0,358,0,0
"South Bend-Mishawaka, IN-MI","43780",2022,365,244,115,6,0,0,0,122,70,44,0,1,186,178,0
"Spartanburg, SC","43900",2022,363,280,83,0,0,0,0,87,58,43,0,0,189,174,0
"Spokane-Spokane Valley, WA","44060",2022,365,236,119,7,3,0,0,176,71,44,0,0,143,187,35
"Springfield, IL","44100",2022,362,287,71,4,0,0,0,126,57,40,0,0,168,194,0
"Springfield, MA","44140",2022,365,293,71,1,0,0,0,115,58,40,0,2,228,135,0
"Springfield, MO","44180",2022,365,279,86,0,0,0,0,100,62,43,0,0,184,180,1
"Springfield, OH","44220",2022,338,259,78,1,0,0,0,129,59,41,0,0,187,151,0
"St. Cloud, MN","41060",2022,277,246,31,0,0,0,0,75,52,36,0,0,127,150,0
"St. George, UT","41100",2022,365,293,72,0,0,0,0,97,61,44,0,0,353,12,0
"St. Joseph, MO-KS","41140",2022,365,282,80,3,0,0,0,106,57,41,0,0,168,128,69
"St. Louis, MO-IL","41180",2022,365,154,196,15,0,0,0,147,83,52,0,4,136,189,36
"St. Marys, PA","41260",2022,363,353,9,1,0,0,0,101,45,35,0,0,363,0,0
"State College, PA","44300",2022,365,309,56,0,0,0,0,88,54,40,0,0,250,115,0
"Steamboat Springs, CO","44460",2022,356,356,0,0,0,0,0,43,25,13,0,0,0,0,356
"Stockton-Lodi, CA","44700",2022,365,222,134,8,0,1,0,208,84,46,0,0,200,135,30
"Summerville, GA","44900",2022,245,236,9,0,0,0,0,77,47,35,0,0,245,0,0
"Syracuse, NY","45060",2022,365,351,14,0,0,0,0,67,46,35,0,0,300,65,0
"Tallahassee, FL","45220",2022,365,286,79,0,0,0,0,96,56,40,0,0,158,207,0
"Tampa-St. Petersburg-Clearwater, FL","45300",2022,365,263,101,1,0,0,0,126,64,44,0,1,220,143,1
"Taos, NM","45340",2022,359,340,19,0,0,0,0,84,38,14,0,0,0,359,0
"Terre Haute, IN","45460",2022,365,265,98,2,0,0,0,115,59,41,0,0,189,176,0
"Texarkana, TX-AR","45500",2022,349,254,95,0,0,0,0,99,60,41,0,0,0,349,0
"The Dalles, OR","45520",2022,161,161,0,0,0,0,0,38,18,12,0,0,0,161,0
"Toledo, OH","45780",2022,362,294,63,5,0,0,0,119,59,39,0,0,199,163,0
"Topeka, KS","45820",2022,350,281,69,0,0,0,0,87,58,41,0,0,232,116,2
"Torrington, CT","45860",2022,365,318,44,3,0,0,0,108,54,39,0,0,341,24,0
"Traverse City, MI","45900",2022,243,218,22,2,1,0,0,151,51,36,0,0,243,0,0
"Trenton, NJ","45940",2022,365,293,69,3,0,0,0,119,58,41,0,0,240,125,0
"Truckee-Grass Valley, CA","46020",2022,365,215,132,12,4,2,0,268,87,48,0,0,303,62,0
"Tucson, AZ","46060",2022,365,189,163,13,0,0,0,142,81,50,0,0,240,46,79
"Tulsa, OK","46140",2022,365,222,129,12,2,0,0,185,80,47,0,1,229,123,12
"Tupelo, MS","46180",2022,245,226,19,0,0,0,0,100,49,40,0,0,245,0,0
"Tuscaloosa, AL","46220",2022,280,253,27,0,0,0,0,87,50,34,0,0,206,74,0
"Twin Falls, ID","46300",2022,353,326,25,1,1,0,0,154,47,23,0,0,0,353,0
"Tyler, TX","46340",2022,363,289,68,6,0,0,0,122,64,40,0,19,344,0,0
"Ukiah, CA","46380",2022,365,216,147,2,0,0,0,103,65,45,0,0,79,286,0
"Urban Honolulu, HI","46520",2022,365,363,2,0,0,0,0,80,36,27,0,4,286,64,11
"Utica-Rome, NY","46540",2022,332,321,11,0,0,0,0,81,40,20,0,0,0,332,0
"Valdosta, GA","46660",2022,354,269,85,0,0,0,0,100,59,36,0,0,0,354,0
"Vallejo-Fairfield, CA","46700",2022,365,280,85,0,0,0,0,93,63,40,0,0,253,112,0
"Vermillion, SD","46820",2022,365,342,23,0,0,0,0,87,48,36,0,0,288,77,0
"Vernal, UT","46860",2022,365,259,106,0,0,0,0,93,64,46,0,1,343,21,0
"Victoria, TX","47020",2022,354,342,12,0,0,0,0,74,46,30,0,0,354,0,0
"Vincennes, IN","47180",2022,344,321,23,0,0,0,0,87,48,36,0,0,344,0,0
"Vineland-Bridgeton, NJ","47220",2022,362,334,28,0,0,0,0,84,49,36,0,8,308,46,0
"Vineyard Haven, MA","47240",2022,359,341,17,1,0,0,0,126,46,37,0,0,352,7,0
"Virginia Beach-Norfolk-Newport News, VA-NC","47260",2022,365,330,34,1,0,0,0,115,50,38,0,22,210,133,0
"Visalia-Porterville, CA","47300",2022,365,84,167,106,8,0,0,182,129,76,0,0,224,125,16
"Wabash, IN","47340",2022,362,334,27,1,0,0,0,112,49,37,0,0,362,0,0
"Waco, TX","47380",2022,364,285,79,0,0,0,0,100,61,41,3,0,210,151,0
"Walla Walla, WA","47460",2022,365,308,53,3,1,0,0,151,55,37,0,0,254,91,20
"Warner Robins, GA","47580",2022,362,293,68,1,0,0,0,102,56,34,0,0,0,362,0
"Washington Court House, OH","47920",2022,128,126,2,0,0,0,0,64,46,35,0,0,128,0,0
"Washington-Arlington-Alexandria, DC-VA-MD-WV","47900",2022,365,244,117,4,0,0,0,128,66,45,0,20,216,129,0
"Waterloo-Cedar Falls, IA","47940",2022,365,302,63,0,0,0,0,82,55,39,0,0,167,198,0
"Watertown, SD","47980",2022,365,311,53,1,0,0,0,101,55,37,0,0,274,52,39
"Watertown-Fort Atkinson, WI","48020",2022,200,185,15,0,0,0,0,87,49,38,0,0,200,0,0
"Watertown-Fort Drum, NY","48060",2022,360,352,8,0,0,0,0,84,43,32,0,0,360,0,0
"Wausau, WI","48140",2022,205,197,8,0,0,0,0,64,46,35,0,0,205,0,0
"Weirton-Steubenville, WV-OH","48260",2022,365,233,132,0,0,0,0,100,64,45,0,0,115,250,0
"Wenatchee, WA","48300",2022,365,287,55,8,13,2,0,265,70,25,0,0,0,365,0
"Wheeling, WV-OH","48540",2022,365,248,117,0,0,0,0,99,66,42,0,3,116,245,1
"Whitewater-Elkhorn, WI","48580",2022,200,181,16,3,0,0,0,105,50,39,0,0,200,0,0
"Wichita, KS","48620",2022,365,222,138,5,0,0,0,119,74,46,0,0,221,118,26
"Williamsport, PA","48700",2022,304,271,33,0,0,0,0,78,51,38,0,0,201,103,0
"Wilmington, NC","48900",2022,361,335,26,0,0,0,0,80,48,36,0,0,160,201,0
"Wilmington, OH","48940",2022,245,216,28,1,0,0,0,140,54,40,0,0,245,0,0
"Winchester, VA-WV","49020",2022,334,287,47,0,0,0,0,88,52,37,0,0,183,150,1
"Winona, MN","49100",2022,121,118,3,0,0,0,0,61,33,17,0,0,0,121,0
"Winston-Salem, NC","49180",2022,365,260,104,1,0,0,0,137,59,44,0,3,174,188,0
"Worcester, MA-CT","49340",2022,365,307,58,0,0,0,0,100,55,39,0,10,229,126,0
"Yakima, WA","49420",2022,365,233,126,5,1,0,0,156,79,38,0,0,0,363,2
"York-Hanover, PA","49620",2022,365,277,87,1,0,0,0,105,61,42,0,17,193,155,0
"Youngstown-Warren-Boardman, OH-PA","49660",2022,365,281,80,4,0,0,0,136,60,42,0,0,233,130,2
"Yuba City, CA","49700",2022,364,196,163,5,0,0,0,119,80,48,0,0,228,136,0
"Yuma, AZ","49740",2022,365,251,105,9,0,0,0,142,73,44,0,0,236,40,89
