"CBSA","CBSA Code","Year","Days with AQI","Good Days","Moderate Days","Unhealthy for Sensitive Groups Days","Unhealthy Days","Very Unhealthy Days","Hazardous Days","Max AQI","90th Percentile AQI","Median AQI","Days CO","Days NO2","Days Ozone","Days PM2.5","Days PM10"
"Aberdeen, SD","10100",2008,122,104,18,0,0,0,0,88,55,29,0,0,0,102,20
"Aberdeen, WA","10140",2008,366,331,35,0,0,0,0,83,50,29,0,0,0,366,0
"Adjuntas, PR","10260",2008,112,111,1,0,0,0,0,74,31,18,0,0,0,112,0
"Adrian, MI","10300",2008,197,129,62,6,0,0,0,133,74,46,0,0,147,50,0
"Akron, OH","10420",2008,366,245,104,16,1,0,0,164,80,42,101,0,179,86,0
"Albany, GA","10500",2008,261,105,154,2,0,0,0,121,72,53,0,0,0,256,5
"Albany, OR","10540",2008,366,230,131,5,0,0,0,122,70,34,0,0,0,366,0
"Albany-Schenectady-Troy, NY","10580",2008,366,239,116,9,2,0,0,156,74,44,0,0,184,182,0
"Albuquerque, NM","10740",2008,366,107,253,6,0,0,0,143,84,59,0,9,189,83,85
"Alexandria, LA","10780",2008,116,92,24,0,0,0,0,72,56,36,0,0,0,116,0
"Allentown-Bethlehem-Easton, PA-NJ","10900",2008,366,190,157,18,1,0,0,172,87,49,0,22,125,210,9
"Altoona, PA","11020",2008,365,307,53,5,0,0,0,140,64,33,2,159,193,0,11
"Amarillo, TX","11100",2008,366,289,77,0,0,0,0,100,67,41,0,0,303,63,0
"Americus, GA","11140",2008,228,180,46,2,0,0,0,105,77,40,0,0,228,0,0
"Ames, IA","11180",2008,213,200,13,0,0,0,0,71,48,38,0,0,213,0,0
"Anchorage, AK","11260",2008,312,276,35,1,0,0,0,140,53,21,106,0,0,97,109
"Ann Arbor, MI","11460",2008,364,278,82,4,0,0,0,140,70,38,0,0,300,64,0
"Appleton, WI","11540",2008,256,185,70,0,1,0,0,152,64,42,0,0,183,73,0
"Ardmore, OK","11620",2008,274,193,74,7,0,0,0,122,77,45,0,0,274,0,0
"Arkadelphia, AR","11660",2008,343,324,19,0,0,0,0,84,47,31,0,0,343,0,0
"Asheville, NC","11700",2008,364,179,167,16,2,0,0,159,84,51,0,0,159,205,0
"Ashtabula, OH","11780",2008,212,151,51,10,0,0,0,136,84,44,0,0,212,0,0
"Athens, OH","11900",2008,364,288,73,3,0,0,0,115,67,39,0,15,323,26,0
"Athens, TN","11940",2008,349,347,2,0,0,0,0,57,31,20,0,305,0,0,44
"Athens-Clarke County, GA","12020",2008,362,192,158,12,0,0,0,140,80,48,0,0,141,221,0
"Atlanta-Sandy Springs-Roswell, GA","12060",2008,366,85,228,39,13,1,0,203,112,61,0,8,130,228,0
"Atlantic City-Hammonton, NJ","12100",2008,361,251,104,6,0,0,0,119,71,42,0,0,217,138,6
"Augusta-Richmond County, GA-SC","12260",2008,366,160,187,18,1,0,0,159,87,54,0,0,176,190,0
"Augusta-Waterville, ME","12300",2008,211,193,17,1,0,0,0,101,49,34,0,0,181,0,30
"Austin-Round Rock, TX","12420",2008,366,241,111,14,0,0,0,126,74,45,0,1,205,160,0
"Bakersfield, CA","12540",2008,366,34,137,107,74,14,0,217,172,107,0,1,204,147,14
"Baltimore-Columbia-Towson, MD","12580",2008,366,151,173,30,12,0,0,192,105,54,0,20,148,198,0
"Bangor, ME","12620",2008,363,344,16,3,0,0,0,105,46,33,0,0,344,15,4
"Baraboo, WI","12660",2008,361,300,59,2,0,0,0,115,58,38,0,0,295,66,0
"Barnstable Town, MA","12700",2008,239,183,48,6,1,1,0,201,77,41,0,0,175,64,0
"Baton Rouge, LA","12940",2008,366,153,181,31,1,0,0,151,97,54,0,15,158,192,1
"Bay City, MI","13020",2008,114,82,32,0,0,0,0,85,63,29,0,0,0,114,0
"Beaumont-Port Arthur, TX","13140",2008,364,197,154,12,1,0,0,161,84,49,0,4,153,207,0
"Beaver Dam, WI","13180",2008,366,289,76,1,0,0,0,119,63,39,0,0,283,79,4
"Beckley, WV","13220",2008,113,72,41,0,0,0,0,87,63,42,0,0,0,113,0
"Bellingham, WA","13380",2008,366,346,20,0,0,0,0,65,43,23,0,0,0,366,0
"Bend-Redmond, OR","13460",2008,366,334,30,2,0,0,0,111,48,18,0,0,30,334,2
"Bennington, VT","13540",2008,350,300,47,3,0,0,0,147,58,35,0,0,264,86,0
"Berlin, NH-VT","13620",2008,234,162,63,9,0,0,0,150,80,42,0,0,181,53,0
"Billings, MT","13740",2008,366,348,18,0,0,0,0,97,41,15,131,0,0,235,0
"Birmingham-Hoover, AL","13820",2008,366,60,276,26,4,0,0,174,97,67,21,0,63,241,41
"Bishop, CA","13860",2008,366,197,134,22,9,0,4,710,100,49,0,0,304,1,61
"Bismarck, ND","13900",2008,366,340,25,1,0,0,0,115,49,37,0,17,316,30,3
"Blacksburg-Christiansburg-Radford, VA","13980",2008,323,235,82,6,0,0,0,129,71,43,0,0,323,0,0
"Bloomington, IL","14010",2008,347,275,71,1,0,0,0,112,61,38,0,0,278,69,0
"Bloomington, IN","14020",2008,181,113,62,6,0,0,0,115,84,47,0,0,181,0,0
"Boise City, ID","14260",2008,366,233,127,6,0,0,0,147,69,45,7,0,129,211,19
"Boone, NC","14380",2008,123,93,30,0,0,0,0,85,58,37,0,0,0,123,0
"Boston-Cambridge-Newton, MA-NH","14460",2008,366,154,195,14,3,0,0,169,83,53,0,32,107,227,0
"Boulder, CO","14500",2008,366,219,131,16,0,0,0,143,87,47,9,0,332,25,0
"Bowling Green, KY","14540",2008,366,226,137,3,0,0,0,108,77,45,0,0,237,129,0
"Bozeman, MT","14580",2008,366,320,46,0,0,0,0,83,54,25,15,0,0,351,0
"Brainerd, MN","14660",2008,364,289,73,2,0,0,0,116,61,37,0,0,154,210,0
"Branson, MO","14700",2008,107,88,19,0,0,0,0,73,57,28,0,0,0,107,0
"Breckenridge, CO","14720",2008,327,321,6,0,0,0,0,75,27,11,0,0,0,0,327
"Bremerton-Silverdale, WA","14740",2008,308,272,36,0,0,0,0,87,52,22,0,0,0,308,0
"Bridgeport-Stamford-Norwalk, CT","14860",2008,366,221,114,23,8,0,0,200,93,45,0,50,152,164,0
"Brookings, SD","15100",2008,272,248,22,2,0,0,0,125,50,35,0,0,197,58,17
"Brownsville, TN","15140",2008,229,180,49,0,0,0,0,93,67,43,0,0,229,0,0
"Brownsville-Harlingen, TX","15180",2008,362,219,140,3,0,0,0,112,68,45,2,0,102,258,0
"Brunswick, GA","15260",2008,273,220,51,2,0,0,0,101,58,39,0,0,200,64,9
"Bucyrus, OH","15340",2008,350,288,60,2,0,0,0,115,64,36,0,0,350,0,0
"Buffalo-Cheektowaga-Niagara Falls, NY","15380",2008,366,175,181,10,0,0,0,129,80,52,0,31,105,230,0
"Burlington, NC","15500",2008,359,189,169,1,0,0,0,138,71,50,0,0,0,359,0
"Burlington-South Burlington, VT","15540",2008,366,290,70,6,0,0,0,143,62,37,0,13,216,137,0
"Butte-Silver Bow, MT","15580",2008,365,299,64,2,0,0,0,102,59,30,0,0,0,248,117
"Cadillac, MI","15620",2008,364,300,59,5,0,0,0,136,61,36,0,0,330,34,0
"Cambridge, MD","15700",2008,363,273,68,22,0,0,0,150,84,39,0,0,363,0,0
"Canton-Massillon, OH","15940",2008,352,239,93,20,0,0,0,140,84,41,108,0,184,60,0
"Cape Coral-Fort Myers, FL","15980",2008,366,331,32,3,0,0,0,119,50,35,0,0,326,28,12
"Carbondale-Marion, IL","16060",2008,56,56,0,0,0,0,0,35,28,16,0,0,0,0,56
"Carlsbad-Artesia, NM","16100",2008,366,250,107,9,0,0,0,115,77,44,0,5,342,19,0
"Carson City, NV","16180",2008,304,248,51,5,0,0,0,129,64,41,94,0,210,0,0
"Casper, WY","16220",2008,120,120,0,0,0,0,0,43,30,14,0,0,0,0,120
"Ca¤on City, CO","15860",2008,58,58,0,0,0,0,0,50,27,14,0,0,0,0,58
"Cedar Rapids, IA","16300",2008,366,216,148,2,0,0,0,124,71,47,0,0,119,247,0
"Centralia, WA","16500",2008,118,116,2,0,0,0,0,70,15,5,0,0,0,118,0
"Chambersburg-Waynesboro, PA","16540",2008,204,156,39,9,0,0,0,115,77,43,0,0,204,0,0
"Champaign-Urbana, IL","16580",2008,366,296,70,0,0,0,0,97,58,38,0,0,298,68,0
"Charleston, WV","16620",2008,365,249,108,8,0,0,0,146,68,41,0,0,155,106,104
"Charleston-North Charleston, SC","16700",2008,366,202,156,8,0,0,0,143,69,48,0,7,145,214,0
"Charlotte-Concord-Gastonia, NC-SC","16740",2008,366,118,199,41,8,0,0,190,112,57,0,8,162,196,0
"Charlottesville, VA","16820",2008,234,172,57,5,0,0,0,140,67,44,0,0,185,49,0
"Chattanooga, TN-GA","16860",2008,366,122,227,16,1,0,0,182,86,56,0,0,104,262,0
"Cheyenne, WY","16940",2008,120,118,2,0,0,0,0,67,33,17,0,0,0,88,32
"Chicago-Naperville-Elgin, IL-IN-WI","16980",2008,366,47,274,45,0,0,0,140,102,71,0,159,44,158,5
"Chico, CA","17020",2008,366,173,157,24,9,3,0,212,100,52,0,0,259,107,0
"Cincinnati, OH-KY-IN","17140",2008,366,147,183,30,6,0,0,169,100,54,0,11,155,200,0
"Claremont-Lebanon, NH-VT","17200",2008,364,338,25,1,0,0,0,129,48,33,0,0,325,39,0
"Clarksburg, WV","17220",2008,119,61,58,0,0,0,0,85,67,49,0,0,0,119,0
"Clarksville, TN-KY","17300",2008,366,240,122,4,0,0,0,115,79,44,0,3,291,72,0
"Clearlake, CA","17340",2008,363,339,21,1,2,0,0,172,46,34,0,0,353,10,0
"Cleveland, MS","17380",2008,362,217,144,1,0,0,0,105,68,45,0,0,84,278,0
"Cleveland, TN","17420",2008,358,358,0,0,0,0,0,36,25,17,0,320,0,0,38
"Cleveland-Elyria, OH","17460",2008,366,213,128,22,3,0,0,161,88,47,8,66,162,91,39
"Clinton, IA","17540",2008,364,191,169,4,0,0,0,138,72,49,0,0,104,260,0
"Coeur d'Alene, ID","17660",2008,364,303,60,1,0,0,0,113,57,36,0,0,132,232,0
"Coffeyville, KS","17700",2008,333,333,0,0,0,0,0,48,31,17,0,0,0,0,333
"Colorado Springs, CO","17820",2008,366,239,111,16,0,0,0,140,84,44,1,0,356,8,1
"Columbia, SC","17900",2008,366,167,178,19,2,0,0,169,87,54,0,1,180,179,6
"Columbus, GA-AL","17980",2008,366,151,205,10,0,0,0,129,79,54,0,0,82,284,0
"Columbus, MS","18060",2008,115,67,48,0,0,0,0,92,65,44,0,0,0,115,0
"Columbus, OH","18140",2008,366,231,113,21,1,0,0,174,84,44,102,0,188,73,3
"Concord, NH","18180",2008,241,205,35,1,0,0,0,102,57,37,0,0,154,87,0
"Cookeville, TN","18260",2008,60,60,0,0,0,0,0,44,36,30,0,1,59,0,0
"Corning, NY","18500",2008,362,273,85,4,0,0,0,143,65,39,0,0,210,152,0
"Corpus Christi, TX","18580",2008,359,243,110,6,0,0,0,129,71,44,0,0,169,188,2
"Corvallis, OR","18700",2008,366,324,42,0,0,0,0,85,53,18,0,0,0,366,0
"Crescent City, CA","18860",2008,118,113,5,0,0,0,0,68,30,14,0,0,0,92,26
"Crestview-Fort Walton Beach-Destin, FL","18880",2008,28,28,0,0,0,0,0,41,35,28,0,0,28,0,0
"Cullowhee, NC","19000",2008,104,69,35,0,0,0,0,92,64,42,0,0,0,104,0
"Dallas-Fort Worth-Arlington, TX","19100",2008,366,141,177,40,8,0,0,182,108,56,0,39,179,148,0
"Dalton, GA","19140",2008,282,176,97,9,0,0,0,133,84,46,0,0,220,62,0
"Daphne-Fairhope-Foley, AL","19300",2008,265,210,50,5,0,0,0,133,68,37,0,0,206,59,0
"Davenport-Moline-Rock Island, IA-IL","19340",2008,366,162,199,4,1,0,0,155,76,52,0,1,69,237,59
"Dayton, OH","19380",2008,366,165,183,17,1,0,0,174,86,53,7,0,137,222,0
"Decatur, AL","19460",2008,285,195,90,0,0,0,0,97,67,44,0,0,200,85,0
"Decatur, IL","19500",2008,363,252,111,0,0,0,0,97,64,42,0,0,182,181,0
"Deltona-Daytona Beach-Ormond Beach, FL","19660",2008,366,278,88,0,0,0,0,100,58,41,0,0,193,168,5
"Deming, NM","19700",2008,366,299,43,11,8,2,3,929,67,38,0,15,275,0,76
"Denver-Aurora-Lakewood, CO","19740",2008,366,124,189,51,2,0,0,174,112,61,0,47,251,55,13
"Des Moines-West Des Moines, IA","19780",2008,366,232,133,1,0,0,0,113,67,45,0,12,106,247,1
"Detroit-Warren-Dearborn, MI","19820",2008,366,186,165,14,1,0,0,176,82,50,0,27,112,217,10
"Dickinson, ND","19860",2008,366,346,19,1,0,0,0,102,48,37,0,0,355,11,0
"Dodge City, KS","19980",2008,302,298,4,0,0,0,0,87,32,17,0,0,0,0,302
"Dothan, AL","20020",2008,277,206,71,0,0,0,0,90,61,40,0,0,187,90,0
"Douglas, GA","20060",2008,53,39,14,0,0,0,0,80,61,35,0,0,0,53,0
"Dover, DE","20100",2008,268,157,94,17,0,0,0,147,87,47,0,0,184,84,0
"DuBois, PA","20180",2008,204,135,60,9,0,0,0,126,87,44,0,0,204,0,0
"Duluth, MN-WI","20260",2008,366,272,93,1,0,0,0,139,62,41,0,0,177,189,0
"Durango, CO","20420",2008,366,208,153,5,0,0,0,112,80,49,0,6,359,0,1
"Durham-Chapel Hill, NC","20500",2008,356,172,174,9,1,0,0,159,81,51,0,0,111,245,0
"Eagle Pass, TX","20580",2008,314,253,61,0,0,0,0,85,59,33,0,0,0,314,0
"East Stroudsburg, PA","20700",2008,211,168,37,4,2,0,0,169,67,39,0,0,211,0,0
"Effingham, IL","20820",2008,212,189,23,0,0,0,0,100,51,38,0,0,212,0,0
"El Centro, CA","20940",2008,366,171,162,28,5,0,0,169,97,53,2,78,235,31,20
"El Dorado, AR","20980",2008,105,69,36,0,0,0,0,77,64,43,0,0,0,105,0
"El Paso, TX","21340",2008,366,105,226,32,3,0,0,172,100,61,0,15,125,202,24
"Elizabethtown-Fort Knox, KY","21060",2008,360,228,128,4,0,0,0,122,72,44,0,0,166,194,0
"Elkhart-Goshen, IN","21140",2008,238,143,91,4,0,0,0,139,81,46,0,0,159,79,0
"Elko, NV","21220",2008,178,176,2,0,0,0,0,55,28,11,0,0,0,88,90
"Ellensburg, WA","21260",2008,362,298,62,2,0,0,0,119,59,21,0,0,0,362,0
"Elmira, NY","21300",2008,361,331,27,3,0,0,0,147,49,33,0,0,361,0,0
"Emporia, KS","21380",2008,120,103,17,0,0,0,0,72,53,27,0,0,0,120,0
"Erie, PA","21500",2008,366,230,130,5,1,0,0,156,71,45,0,23,135,202,6
"Espa¤ola, NM","21580",2008,110,110,0,0,0,0,0,45,22,10,0,0,0,110,0
"Eugene, OR","21660",2008,366,213,138,15,0,0,0,133,84,45,0,0,118,248,0
"Eureka-Arcata-Fortuna, CA","21700",2008,364,349,15,0,0,0,0,87,42,28,6,18,286,50,4
"Evanston, WY","21740",2008,366,312,53,1,0,0,0,102,54,42,0,3,359,0,4
"Evansville, IN-KY","21780",2008,366,176,180,10,0,0,0,143,80,52,0,2,124,240,0
"Fairbanks, AK","21820",2008,363,261,73,22,7,0,0,185,91,23,23,0,0,340,0
"Fairmont, WV","21900",2008,116,49,67,0,0,0,0,90,69,53,0,0,0,116,0
"Fallon, NV","21980",2008,201,179,19,3,0,0,0,126,51,40,0,0,201,0,0
"Fargo, ND-MN","22020",2008,366,333,32,0,1,0,0,161,49,34,0,37,270,58,1
"Farmington, NM","22140",2008,366,210,153,3,0,0,0,122,80,48,0,32,315,6,13
"Fayetteville, NC","22180",2008,362,176,171,15,0,0,0,143,82,51,0,0,124,238,0
"Fayetteville-Springdale-Rogers, AR-MO","22220",2008,366,309,57,0,0,0,0,87,54,37,0,0,290,76,0
"Fernley, NV","22280",2008,169,134,34,1,0,0,0,105,67,44,0,0,169,0,0
"Findlay, OH","22300",2008,59,59,0,0,0,0,0,31,27,20,0,0,0,0,59
"Flagstaff, AZ","22380",2008,365,246,107,12,0,0,0,129,84,47,0,0,360,5,0
"Flint, MI","22420",2008,242,163,77,2,0,0,0,133,74,43,0,0,170,72,0
"Florence, SC","22500",2008,274,161,106,7,0,0,0,136,80,47,0,0,198,76,0
"Florence-Muscle Shoals, AL","22520",2008,277,201,76,0,0,0,0,97,64,43,0,0,193,84,0
"Fond du Lac, WI","22540",2008,205,180,25,0,0,0,0,97,54,40,0,0,205,0,0
"Fort Collins, CO","22660",2008,366,203,142,21,0,0,0,143,90,49,1,0,354,11,0
"Fort Madison-Keokuk, IA-IL-MO","22800",2008,118,71,47,0,0,0,0,90,65,43,0,0,0,118,0
"Fort Payne, AL","22840",2008,365,261,99,5,0,0,0,122,71,43,0,0,312,53,0
"Fort Smith, AR-OK","22900",2008,365,286,79,0,0,0,0,93,64,39,0,6,217,81,61
"Fort Wayne, IN","23060",2008,362,136,219,7,0,0,0,142,82,55,12,0,73,263,14
"Frankfort, KY","23180",2008,119,71,48,0,0,0,0,84,65,45,0,0,0,119,0
"Fresno, CA","23420",2008,366,55,177,92,35,7,0,228,153,84,0,4,190,171,1
"Gadsden, AL","23460",2008,340,185,154,1,0,0,0,105,71,49,0,0,94,246,0
"Gaffney, SC","23500",2008,352,268,72,10,1,1,0,209,74,41,0,0,352,0,0
"Gainesville, FL","23540",2008,366,325,39,2,0,0,0,119,54,35,0,0,302,46,18
"Gainesville, GA","23580",2008,347,125,220,2,0,0,0,128,77,55,0,0,0,347,0
"Gallup, NM","23700",2008,278,270,8,0,0,0,0,76,27,14,0,0,0,0,278
"Gardnerville Ranchos, NV","23820",2008,291,291,0,0,0,0,0,30,19,11,291,0,0,0,0
"Georgetown, SC","23860",2008,365,351,14,0,0,0,0,66,42,25,0,0,0,0,365
"Gettysburg, PA","23900",2008,365,213,133,18,1,0,0,159,80,47,0,0,210,155,0
"Gillette, WY","23940",2008,366,178,186,2,0,0,0,140,75,51,0,0,203,4,159
"Glenwood Springs, CO","24060",2008,365,185,171,9,0,0,0,128,84,50,0,0,334,0,31
"Goldsboro, NC","24140",2008,196,114,81,1,0,0,0,104,64,46,0,0,0,196,0
"Grand Island, NE","24260",2008,109,91,18,0,0,0,0,66,54,27,0,0,0,109,0
"Grand Junction, CO","24300",2008,366,199,164,3,0,0,0,122,74,47,10,0,218,35,103
"Grand Rapids-Wyoming, MI","24340",2008,365,210,152,3,0,0,0,147,76,46,0,0,125,240,0
"Grants Pass, OR","24420",2008,366,266,95,4,1,0,0,153,66,31,0,0,0,366,0
"Great Falls, MT","24500",2008,365,345,20,0,0,0,0,67,40,14,157,0,0,208,0
"Greeley, CO","24540",2008,366,247,111,8,0,0,0,122,79,44,23,0,300,42,1
"Green Bay, WI","24580",2008,352,207,137,8,0,0,0,143,75,46,0,0,142,210,0
"Greensboro-High Point, NC","24660",2008,366,169,181,13,3,0,0,161,87,52,0,0,123,243,0
"Greenville, NC","24780",2008,260,155,93,11,1,0,0,178,87,46,0,0,183,77,0
"Greenville-Anderson-Mauldin, SC","24860",2008,366,131,221,13,1,0,0,151,87,55,0,5,141,220,0
"Greenwood, SC","24940",2008,228,141,81,5,1,0,0,161,87,46,0,0,228,0,0
"Grenada, MS","24980",2008,115,78,37,0,0,0,0,80,59,41,0,0,0,115,0
"Guayama, PR","25020",2008,112,108,4,0,0,0,0,91,37,20,0,0,0,66,46
"Gulfport-Biloxi-Pascagoula, MS","25060",2008,333,171,149,11,2,0,0,164,74,50,0,3,89,241,0
"Hagerstown-Martinsburg, MD-WV","25180",2008,265,149,103,13,0,0,0,147,84,47,0,0,174,91,0
"Hammond, LA","25220",2008,117,78,39,0,0,0,0,73,61,38,0,0,0,117,0
"Hanford-Corcoran, CA","25260",2008,366,68,194,69,32,3,0,220,143,80,0,0,202,141,23
"Harrisburg-Carlisle, PA","25420",2008,366,168,176,20,2,0,0,174,88,53,0,10,121,235,0
"Harrison, AR","25460",2008,364,295,69,0,0,0,0,84,61,39,0,0,334,30,0
"Harrisonburg, VA","25500",2008,362,281,80,1,0,0,0,101,61,37,0,104,183,75,0
"Hartford-West Hartford-East Hartford, CT","25540",2008,366,244,104,15,3,0,0,172,74,42,10,47,147,162,0
"Hattiesburg, MS","25620",2008,120,63,57,0,0,0,0,99,71,49,0,0,0,120,0
"Helena, MT","25740",2008,364,321,40,3,0,0,0,138,52,26,0,0,0,357,7
"Helena-West Helena, AR","25760",2008,117,79,38,0,0,0,0,90,65,42,0,0,0,117,0
"Hermiston-Pendleton, OR","25840",2008,364,267,90,7,0,0,0,124,71,39,0,5,164,194,1
"Hickory-Lenoir-Morganton, NC","25860",2008,366,144,210,12,0,0,0,147,80,54,0,0,92,274,0
"Hilo, HI","25900",2008,312,33,248,24,7,0,0,168,100,71,0,0,0,312,0
"Hobbs, NM","26020",2008,362,273,89,0,0,0,0,97,64,42,0,36,288,37,1
"Holland, MI","26090",2008,241,162,71,7,1,0,0,187,80,43,0,0,169,72,0
"Homosassa Springs, FL","26140",2008,122,107,15,0,0,0,0,76,52,33,0,0,0,122,0
"Hot Springs, AR","26300",2008,113,70,43,0,0,0,0,80,66,41,0,0,0,113,0
"Houghton, MI","26340",2008,118,112,6,0,0,0,0,94,38,12,0,0,0,118,0
"Houma-Thibodaux, LA","26380",2008,343,222,115,6,0,0,0,126,68,44,0,0,186,157,0
"Houston-The Woodlands-Sugar Land, TX","26420",2008,365,90,229,36,9,1,0,201,108,62,1,26,129,187,22
"Huntington, IN","26540",2008,182,159,23,0,0,0,0,84,54,40,0,0,182,0,0
"Huntington-Ashland, WV-KY-OH","26580",2008,366,181,168,15,2,0,0,166,84,51,0,32,159,174,1
"Huntsville, AL","26620",2008,366,180,177,9,0,0,0,147,77,51,0,0,174,192,0
"Idaho Falls, ID","26820",2008,364,293,70,1,0,0,0,101,61,44,0,0,354,10,0
"Indiana, PA","26860",2008,363,303,52,8,0,0,0,143,71,31,0,150,213,0,0
"Indianapolis-Carmel-Anderson, IN","26900",2008,366,122,231,12,1,0,0,154,87,56,0,6,110,250,0
"Iowa City, IA","26980",2008,348,234,112,2,0,0,0,120,65,38,0,0,0,341,7
"Iron Mountain, MI-WI","27020",2008,207,186,21,0,0,0,0,90,51,37,0,0,207,0,0
"Ithaca, NY","27060",2008,361,330,28,3,0,0,0,150,49,34,0,0,361,0,0
"Jackson, MS","27140",2008,358,211,145,2,0,0,0,105,68,45,0,0,57,301,0
"Jackson, TN","27180",2008,50,50,0,0,0,0,0,38,22,14,0,0,0,0,50
"Jackson, WY-ID","27220",2008,366,314,52,0,0,0,0,93,58,42,18,0,330,12,6
"Jacksonville, FL","27260",2008,366,228,133,5,0,0,0,115,71,46,0,5,160,197,4
"Jamestown-Dunkirk-Fredonia, NY","27460",2008,366,291,65,8,2,0,0,156,71,40,0,0,341,25,0
"Janesville-Beloit, WI","27500",2008,194,156,38,0,0,0,0,93,64,42,0,0,194,0,0
"Jasper, IN","27540",2008,285,140,145,0,0,0,0,92,71,51,0,0,0,285,0
"Johnstown, PA","27780",2008,366,272,92,2,0,0,0,105,66,38,2,99,146,102,17
"Joplin, MO","27900",2008,365,351,14,0,0,0,0,93,40,19,0,0,0,0,365
"Juneau, AK","27940",2008,278,237,39,2,0,0,0,114,59,17,0,0,0,271,7
"Kahului-Wailuku-Lahaina, HI","27980",2008,346,339,7,0,0,0,0,62,31,18,0,0,0,76,270
"Kalamazoo-Portage, MI","28020",2008,238,145,90,3,0,0,0,129,74,45,0,0,162,76,0
"Kalispell, MT","28060",2008,366,269,97,0,0,0,0,81,62,43,3,0,182,155,26
"Kansas City, MO-KS","28140",2008,366,148,211,7,0,0,0,129,75,54,0,38,121,193,14
"Keene, NH","28300",2008,290,220,67,3,0,0,0,133,69,38,0,0,173,117,0
"Kennewick-Richland, WA","28420",2008,366,304,62,0,0,0,0,82,57,28,0,0,0,306,60
"Kingsport-Bristol-Bristol, TN-VA","28700",2008,366,252,104,9,1,0,0,169,77,44,1,90,210,65,0
"Kingston, NY","28740",2008,356,329,25,2,0,0,0,147,48,33,0,0,356,0,0
"Kingsville, TX","28780",2008,338,237,98,3,0,0,0,115,65,39,0,0,17,321,0
"Kinston, NC","28820",2008,256,165,83,8,0,0,0,129,77,44,0,0,181,75,0
"Klamath Falls, OR","28900",2008,364,165,164,30,5,0,0,161,98,53,0,0,0,364,0
"Knoxville, TN","28940",2008,366,181,147,33,5,0,0,174,101,51,0,0,306,24,36
"Kokomo, IN","29020",2008,102,66,36,0,0,0,0,100,69,44,0,0,0,102,0
"La Crosse-Onalaska, WI-MN","29100",2008,324,261,61,2,0,0,0,122,61,40,0,0,252,72,0
"La Grande, OR","29260",2008,365,298,67,0,0,0,0,85,57,29,0,0,0,363,2
"Laconia, NH","29060",2008,214,192,21,1,0,0,0,101,51,36,0,0,177,37,0
"Lafayette, LA","29180",2008,366,279,80,7,0,0,0,147,74,37,0,0,312,54,0
"Lafayette-West Lafayette, IN","29200",2008,356,197,156,3,0,0,0,131,73,47,0,0,85,271,0
"Lake Charles, LA","29340",2008,366,215,144,7,0,0,0,119,77,46,0,0,190,176,0
"Lake City, FL","29380",2008,364,205,159,0,0,0,0,100,67,48,0,0,111,253,0
"Lake Havasu City-Kingman, AZ","29420",2008,117,99,18,0,0,0,0,70,54,22,0,0,0,85,32
"Lakeland-Winter Haven, FL","29460",2008,366,270,91,5,0,0,0,126,61,42,0,0,202,164,0
"Lancaster, PA","29540",2008,366,254,95,17,0,0,0,143,80,40,2,95,178,83,8
"Lansing-East Lansing, MI","29620",2008,244,168,73,3,0,0,0,126,71,43,0,0,170,74,0
"Laramie, WY","29660",2008,366,190,174,2,0,0,0,129,77,50,0,0,297,0,69
"Laredo, TX","29700",2008,366,241,122,3,0,0,0,144,67,43,0,0,80,272,14
"Las Cruces, NM","29740",2008,366,120,202,32,5,4,3,420,105,58,0,7,162,80,117
"Las Vegas-Henderson-Paradise, NV","29820",2008,366,117,216,33,0,0,0,143,100,58,0,17,239,101,9
"Laurel, MS","29860",2008,121,58,63,0,0,0,0,85,69,51,0,0,0,121,0
"Lawrenceburg, TN","29980",2008,57,32,25,0,0,0,0,96,64,47,0,0,0,57,0
"Lawton, OK","30020",2008,366,280,81,5,0,0,0,133,74,41,0,0,347,19,0
"Lewiston, ID-WA","30300",2008,366,292,74,0,0,0,0,91,62,30,0,0,0,366,0
"Lewiston-Auburn, ME","30340",2008,209,188,18,3,0,0,0,129,51,35,0,0,182,0,27
"Lexington, NE","30420",2008,58,56,2,0,0,0,0,58,44,24,0,0,0,0,58
"Lexington-Fayette, KY","30460",2008,364,212,147,5,0,0,0,126,77,48,0,27,162,175,0
"Lima, OH","30620",2008,239,196,42,1,0,0,0,105,67,42,0,0,211,0,28
"Lincoln, NE","30700",2008,366,345,21,0,0,0,0,80,42,28,105,0,183,78,0
"Little Rock-North Little Rock-Conway, AR","30780",2008,366,167,195,4,0,0,0,147,71,52,0,2,108,256,0
"Logan, UT-ID","30860",2008,366,179,172,11,4,0,0,161,82,52,0,10,143,212,1
"Longview, TX","30980",2008,364,313,46,5,0,0,0,140,58,34,0,12,352,0,0
"Longview, WA","31020",2008,361,335,26,0,0,0,0,73,46,18,0,0,0,361,0
"Los Alamos, NM","31060",2008,115,115,0,0,0,0,0,40,24,12,0,0,0,115,0
"Los Angeles-Long Beach-Anaheim, CA","31080",2008,366,25,212,74,47,8,0,227,172,86,0,54,162,146,4
"Louisville/Jefferson County, KY-IN","31140",2008,366,101,238,24,3,0,0,164,95,59,0,9,114,243,0
"Lubbock, TX","31180",2008,81,73,8,0,0,0,0,62,50,26,0,0,0,81,0
"Ludington, MI","31220",2008,183,135,46,2,0,0,0,143,74,44,0,0,183,0,0
"Lumberton, NC","31300",2008,116,68,48,0,0,0,0,75,65,45,0,0,0,116,0
"Lynchburg, VA","31340",2008,118,85,33,0,0,0,0,81,62,38,0,0,0,118,0
"Macon, GA","31420",2008,365,155,193,16,1,0,0,151,87,54,0,0,102,263,0
"Madera, CA","31460",2008,346,215,85,40,5,1,0,202,108,45,0,35,311,0,0
"Madison, WI","31540",2008,358,210,145,3,0,0,0,127,73,47,0,0,161,194,3
"Malone, NY","31660",2008,365,354,10,1,0,0,0,126,42,23,0,0,247,0,118
"Manchester-Nashua, NH","31700",2008,366,297,59,9,1,0,0,154,67,38,4,127,167,68,0
"Manhattan, KS","31740",2008,361,317,40,4,0,0,0,126,54,38,0,0,361,0,0
"Manitowoc, WI","31820",2008,239,180,57,2,0,0,0,118,63,40,0,1,158,80,0
"Marietta, OH","31930",2008,214,145,59,9,1,0,0,174,80,45,0,0,214,0,0
"Marion, NC","32000",2008,362,186,174,1,1,0,0,152,69,50,0,0,0,362,0
"Marshall, MN","32140",2008,358,244,114,0,0,0,0,99,66,44,0,0,116,242,0
"Marshall, TX","32220",2008,361,244,115,2,0,0,0,108,67,42,0,1,165,195,0
"Mason City, IA","32380",2008,366,324,42,0,0,0,0,75,53,26,0,0,0,0,366
"McAlester, OK","32540",2008,366,294,72,0,0,0,0,97,61,38,0,0,329,37,0
"McAllen-Edinburg-Mission, TX","32580",2008,362,214,146,2,0,0,0,119,69,47,0,0,118,242,2
"Medford, OR","32780",2008,366,235,122,9,0,0,0,143,78,44,2,0,119,245,0
"Memphis, TN-MS-AR","32820",2008,366,142,200,21,3,0,0,190,91,55,0,13,115,238,0
"Merced, CA","32900",2008,364,176,129,44,12,3,0,216,119,52,0,32,285,41,6
"Meridian, MS","32940",2008,362,211,151,0,0,0,0,100,68,47,0,0,59,303,0
"Miami, OK","33060",2008,364,242,122,0,0,0,0,97,64,44,0,0,157,197,10
"Miami-Fort Lauderdale-West Palm Beach, FL","33100",2008,366,227,131,6,2,0,0,169,68,45,0,1,110,253,2
"Michigan City-La Porte, IN","33140",2008,240,163,77,0,0,0,0,93,69,42,0,0,162,78,0
"Middlesborough, KY","33180",2008,263,148,110,5,0,0,0,126,77,48,0,0,227,36,0
"Milwaukee-Waukesha-West Allis, WI","33340",2008,366,243,117,5,1,0,0,156,78,42,0,57,203,103,3
"Minneapolis-St. Paul-Bloomington, MN-WI","33460",2008,366,186,176,4,0,0,0,137,77,50,0,2,117,240,7
"Missoula, MT","33540",2008,352,299,52,1,0,0,0,104,57,22,50,0,0,137,165
"Mobile, AL","33660",2008,357,281,71,5,0,0,0,150,64,36,0,0,180,79,98
"Modesto, CA","33700",2008,366,106,178,63,15,4,0,226,130,64,0,2,195,167,2
"Monroe, LA","33740",2008,360,330,30,0,0,0,0,72,48,32,0,0,277,83,0
"Monroe, MI","33780",2008,117,74,43,0,0,0,0,99,72,45,0,0,0,117,0
"Montgomery, AL","33860",2008,349,188,157,4,0,0,0,122,77,48,0,0,114,234,1
"Morehead City, NC","33980",2008,216,205,11,0,0,0,0,80,44,33,0,0,216,0,0
"Morgantown, WV","34060",2008,263,183,79,1,0,0,0,101,67,43,0,0,163,100,0
"Morristown, TN","34100",2008,243,144,85,13,1,0,0,164,93,48,0,0,243,0,0
"Moscow, ID","34140",2008,340,331,9,0,0,0,0,68,34,14,0,0,0,340,0
"Moses Lake, WA","34180",2008,365,327,38,0,0,0,0,74,51,25,0,0,0,365,0
"Mount Vernon, IL","34500",2008,245,189,54,2,0,0,0,109,64,42,0,0,201,44,0
"Mount Vernon, OH","34540",2008,214,154,53,7,0,0,0,122,80,44,0,0,214,0,0
"Mount Vernon-Anacortes, WA","34580",2008,366,351,5,9,1,0,0,153,41,28,0,17,208,141,0
"Muncie, IN","34620",2008,233,165,68,0,0,0,0,89,64,43,0,0,148,85,0
"Muscatine, IA","34700",2008,334,201,128,5,0,0,0,138,73,43,0,0,0,322,12
"Muskegon, MI","34740",2008,356,232,119,4,1,0,0,185,71,41,0,0,137,219,0
"Muskogee, OK","34780",2008,366,311,55,0,0,0,0,98,55,25,0,0,0,99,267
"Napa, CA","34900",2008,366,198,159,9,0,0,0,122,72,49,0,7,91,268,0
"Naples-Immokalee-Marco Island, FL","34940",2008,359,299,56,4,0,0,0,115,58,38,0,0,209,150,0
"Nashville-Davidson--Murfreesboro--Franklin, TN","34980",2008,366,160,182,22,2,0,0,161,93,54,0,12,143,211,0
"Natchez, MS-LA","35020",2008,276,209,67,0,0,0,0,97,63,41,0,0,184,92,0
"New Castle, IN","35220",2008,116,71,45,0,0,0,0,86,67,44,0,0,0,116,0
"New Castle, PA","35260",2008,366,302,61,3,0,0,0,143,55,35,0,102,173,0,91
"New Haven-Milford, CT","35300",2008,366,213,135,16,2,0,0,200,85,46,0,39,132,195,0
"New Orleans-Metairie, LA","35380",2008,366,176,176,14,0,0,0,150,77,51,0,4,163,199,0
"New York-Newark-Jersey City, NY-NJ-PA","35620",2008,366,54,260,34,17,1,0,201,115,65,0,28,80,258,0
"Niles-Benton Harbor, MI","35660",2008,234,149,81,4,0,0,0,150,80,44,0,0,164,70,0
"Nogales, AZ","35700",2008,356,173,168,15,0,0,0,140,81,51,0,0,0,26,330
"North Port-Sarasota-Bradenton, FL","35840",2008,366,293,65,7,1,0,0,159,61,41,0,0,245,121,0
"Norwich-New London, CT","35980",2008,349,247,91,9,2,0,0,172,72,41,0,0,145,204,0
"Ocala, FL","36100",2008,366,280,82,4,0,0,0,108,61,39,0,0,203,163,0
"Odessa, TX","36220",2008,366,303,62,1,0,0,0,115,54,33,0,0,0,366,0
"Ogden-Clearfield, UT","36260",2008,366,162,176,28,0,0,0,147,94,52,2,102,149,109,4
"Ogdensburg-Massena, NY","36300",2008,45,44,1,0,0,0,0,61,43,19,0,0,0,45,0
"Oklahoma City, OK","36420",2008,366,229,127,10,0,0,0,147,77,45,0,38,268,59,1
"Olympia-Tumwater, WA","36500",2008,362,290,68,4,0,0,0,140,62,32,0,0,131,231,0
"Omaha-Council Bluffs, NE-IA","36540",2008,366,57,298,11,0,0,0,121,87,64,0,0,8,292,66
"Orlando-Kissimmee-Sanford, FL","36740",2008,366,251,109,6,0,0,0,147,67,44,0,2,174,190,0
"Othello, WA","36830",2008,360,335,25,0,0,0,0,71,44,22,0,0,0,360,0
"Ottawa-Peru, IL","36860",2008,366,261,105,0,0,0,0,89,62,39,0,0,0,322,44
"Owensboro, KY","36980",2008,358,205,147,6,0,0,0,133,74,45,0,12,153,193,0
"Oxford, NC","37080",2008,214,119,80,15,0,0,0,150,90,48,0,0,214,0,0
"Oxnard-Thousand Oaks-Ventura, CA","37100",2008,366,188,121,50,7,0,0,174,115,50,0,16,316,34,0
"Paducah, KY-IL","37140",2008,363,229,130,4,0,0,0,112,72,44,0,35,156,171,1
"Pahrump, NV","37220",2008,359,340,17,2,0,0,0,135,41,21,0,0,0,0,359
"Palatka, FL","37260",2008,340,335,5,0,0,0,0,62,29,19,0,0,0,0,340
"Palm Bay-Melbourne-Titusville, FL","37340",2008,366,281,82,3,0,0,0,122,58,41,0,0,208,158,0
"Panama City, FL","37460",2008,366,290,67,9,0,0,0,150,69,38,0,0,304,57,5
"Parkersburg-Vienna, WV","37620",2008,262,159,97,6,0,0,0,140,78,46,0,0,176,86,0
"Payson, AZ","37740",2008,266,129,108,29,0,0,0,147,101,51,0,0,212,23,31
"Pensacola-Ferry Pass-Brent, FL","37860",2008,366,222,127,14,3,0,0,154,80,46,0,0,184,182,0
"Peoria, IL","37900",2008,366,207,159,0,0,0,0,100,71,46,4,0,137,225,0
"Philadelphia-Camden-Wilmington, PA-NJ-DE-MD","37980",2008,366,95,222,37,10,2,0,260,108,61,0,26,113,226,1
"Phoenix-Mesa-Scottsdale, AZ","38060",2008,366,43,122,117,60,18,6,505,186,107,0,34,75,15,242
"Pittsburgh, PA","38300",2008,366,65,241,49,11,0,0,164,117,65,0,13,43,309,1
"Pittsfield, MA","38340",2008,366,255,105,4,2,0,0,187,74,42,0,0,110,256,0
"Platteville, WI","38420",2008,116,61,53,2,0,0,0,143,70,48,0,0,0,116,0
"Pocatello, ID","38540",2008,358,299,54,4,1,0,0,168,57,28,0,0,0,262,96
"Ponca City, OK","38620",2008,359,274,82,2,1,0,0,159,65,39,0,0,195,49,115
"Ponce, PR","38660",2008,117,111,6,0,0,0,0,88,46,26,0,0,0,70,47
"Port Angeles, WA","38820",2008,366,292,74,0,0,0,0,97,57,40,0,0,242,124,0
"Port St. Lucie, FL","38940",2008,366,286,79,1,0,0,0,105,57,39,0,0,150,216,0
"Portland-South Portland, ME","38860",2008,365,318,41,6,0,0,0,133,61,36,0,45,300,13,7
"Portland-Vancouver-Hillsboro, OR-WA","38900",2008,366,247,110,9,0,0,0,147,77,40,0,7,165,194,0
"Portsmouth, OH","39020",2008,366,211,155,0,0,0,0,92,65,45,0,0,0,339,27
"Prescott, AZ","39140",2008,161,123,35,3,0,0,0,101,77,25,0,0,55,103,3
"Prineville, OR","39260",2008,49,13,31,4,1,0,0,155,103,74,0,0,0,49,0
"Providence-Warwick, RI-MA","39300",2008,366,227,124,12,3,0,0,159,80,45,0,23,151,192,0
"Provo-Orem, UT","39340",2008,366,164,179,21,2,0,0,166,87,54,0,63,138,156,9
"Pueblo, CO","39380",2008,142,129,13,0,0,0,0,83,47,29,0,0,0,84,58
"Pullman, WA","39420",2008,366,343,23,0,0,0,0,63,41,21,0,0,0,366,0
"Quincy, IL-MO","39500",2008,357,331,26,0,0,0,0,93,49,33,0,0,321,36,0
"Racine, WI","39540",2008,183,156,27,0,0,0,0,100,61,39,0,0,183,0,0
"Raleigh, NC","39580",2008,366,182,162,21,1,0,0,173,90,51,0,0,172,194,0
"Rapid City, SD","39660",2008,366,267,98,0,1,0,0,154,63,44,0,0,258,13,95
"Reading, PA","39740",2008,366,261,84,20,1,0,0,156,77,39,1,96,183,80,6
"Red Bluff, CA","39780",2008,314,196,87,27,4,0,0,197,100,47,0,0,303,0,11
"Red Wing, MN","39860",2008,175,145,30,0,0,0,0,90,58,42,0,0,175,0,0
"Redding, CA","39820",2008,366,251,85,23,6,1,0,250,93,45,0,0,344,22,0
"Reno, NV","39900",2008,366,226,125,12,3,0,0,182,80,48,0,91,241,23,11
"Richmond, VA","40060",2008,366,211,123,26,5,1,0,205,97,46,0,64,151,151,0
"Richmond-Berea, KY","40080",2008,119,84,35,0,0,0,0,79,64,38,0,0,0,119,0
"Riverside-San Bernardino-Ontario, CA","40140",2008,366,26,171,83,57,28,1,322,190,97,0,21,214,93,38
"Riverton, WY","40180",2008,365,247,117,1,0,0,0,101,71,44,0,2,295,35,33
"Roanoke, VA","40220",2008,366,198,162,6,0,0,0,141,74,49,0,14,114,234,4
"Rochester, MN","40340",2008,365,201,155,8,1,0,0,155,74,47,0,0,119,233,13
"Rochester, NY","40380",2008,366,257,101,8,0,0,0,150,68,40,0,0,194,172,0
"Rock Springs, WY","40540",2008,366,236,123,6,1,0,0,172,74,47,0,5,314,4,43
"Rockford, IL","40420",2008,366,316,49,1,0,0,0,128,57,34,7,0,287,72,0
"Rockland, ME","40500",2008,183,171,12,0,0,0,0,93,47,35,0,0,183,0,0
"Rocky Mount, NC","40580",2008,257,159,88,10,0,0,0,140,80,46,0,0,183,74,0
"Rome, GA","40660",2008,354,157,196,1,0,0,0,106,73,53,0,0,0,354,0
"Roseburg, OR","40700",2008,362,304,58,0,0,0,0,92,57,27,0,0,0,362,0
"Roswell, NM","40740",2008,126,119,7,0,0,0,0,72,39,23,0,0,0,112,14
"Ruidoso, NM","40760",2008,117,113,4,0,0,0,0,62,30,13,0,0,0,117,0
"Russellville, AR","40780",2008,118,74,44,0,0,0,0,81,67,43,0,0,0,118,0
"Rutland, VT","40860",2008,366,264,101,1,0,0,0,107,66,36,1,26,0,339,0
"Sacramento--Roseville--Arden-Arcade, CA","40900",2008,366,99,178,57,24,8,0,219,143,67,0,20,237,102,7
"Salem, OH","41400",2008,61,59,2,0,0,0,0,58,40,21,0,0,0,0,61
"Salem, OR","41420",2008,356,300,54,2,0,0,0,150,60,31,0,0,138,218,0
"Salinas, CA","41500",2008,366,339,27,0,0,0,0,97,49,36,0,11,334,13,8
"Salisbury, MD-DE","41540",2008,260,140,97,22,1,0,0,164,97,49,0,0,196,64,0
"Salt Lake City, UT","41620",2008,366,137,196,28,5,0,0,158,97,55,0,65,144,129,28
"San Antonio-New Braunfels, TX","41700",2008,366,203,149,14,0,0,0,140,80,49,0,34,156,176,0
"San Diego-Carlsbad, CA","41740",2008,366,67,225,63,10,1,0,204,117,72,0,47,191,122,6
"San Francisco-Oakland-Hayward, CA","41860",2008,366,165,181,15,4,1,0,205,87,52,0,30,114,222,0
"San Jose-Sunnyvale-Santa Clara, CA","41940",2008,366,150,180,32,4,0,0,179,100,54,0,6,233,127,0
"San Juan-Carolina-Caguas, PR","41980",2008,366,335,30,0,1,0,0,159,48,31,56,0,97,76,137
"San Luis Obispo-Paso Robles-Arroyo Grande, CA","42020",2008,366,173,121,62,10,0,0,179,122,51,0,2,348,9,7
"Sandpoint, ID","41760",2008,360,359,1,0,0,0,0,62,24,12,0,0,0,0,360
"Santa Cruz-Watsonville, CA","42100",2008,366,335,30,1,0,0,0,115,49,36,0,0,350,12,4
"Santa Fe, NM","42140",2008,366,301,65,0,0,0,0,100,61,43,0,0,364,2,0
"Santa Maria-Santa Barbara, CA","42200",2008,366,233,121,11,1,0,0,151,77,47,0,6,346,14,0
"Santa Rosa, CA","42220",2008,366,335,31,0,0,0,0,90,48,37,1,45,281,39,0
"Sault Ste. Marie, MI","42300",2008,96,52,42,2,0,0,0,138,79,44,0,0,0,96,0
"Savannah, GA","42340",2008,366,216,147,3,0,0,0,136,69,46,0,0,84,281,1
"Scottsbluff, NE","42420",2008,197,124,71,2,0,0,0,105,73,46,0,0,126,71,0
"Scranton--Wilkes-Barre--Hazleton, PA","42540",2008,366,241,113,10,2,0,0,185,74,42,0,56,145,165,0
"Searcy, AR","42620",2008,106,74,32,0,0,0,0,84,66,38,0,0,0,106,0
"Seattle-Tacoma-Bellevue, WA","42660",2008,366,228,128,8,2,0,0,164,74,45,0,0,125,241,0
"Sebastian-Vero Beach, FL","42680",2008,349,307,38,4,0,0,0,126,54,37,0,0,349,0,0
"Sebring, FL","42700",2008,363,340,18,5,0,0,0,122,47,33,0,0,363,0,0
"Seneca, SC","42860",2008,362,277,79,6,0,0,0,126,65,42,0,0,328,34,0
"Sevierville, TN","42940",2008,365,201,135,27,2,0,0,151,93,49,0,0,365,0,0
"Seymour, IN","42980",2008,183,128,52,3,0,0,0,122,71,46,0,0,183,0,0
"Sheboygan, WI","43100",2008,184,145,32,7,0,0,0,129,74,42,0,0,184,0,0
"Shelton, WA","43220",2008,366,334,32,0,0,0,0,75,48,27,0,0,0,366,0
"Sheridan, WY","43260",2008,363,337,26,0,0,0,0,83,43,23,0,0,0,102,261
"Show Low, AZ","43320",2008,345,219,121,5,0,0,0,115,77,47,0,0,334,11,0
"Shreveport-Bossier City, LA","43340",2008,366,237,123,6,0,0,0,136,71,44,0,0,197,167,2
"Sierra Vista-Douglas, AZ","43420",2008,363,235,125,3,0,0,0,150,74,46,0,0,333,20,10
"Silver City, NM","43500",2008,365,340,25,0,0,0,0,87,48,39,0,0,356,9,0
"Sioux City, IA-NE-SD","43580",2008,125,92,32,1,0,0,0,106,61,36,0,0,0,113,12
"Sioux Falls, SD","43620",2008,365,311,53,1,0,0,0,112,54,37,0,38,250,65,12
"Somerset, KY","43700",2008,244,190,53,1,0,0,0,105,64,44,0,0,244,0,0
"Somerset, PA","43740",2008,360,316,43,1,0,0,0,108,54,35,0,0,360,0,0
"Sonora, CA","43760",2008,365,237,90,29,7,2,0,209,101,45,0,0,365,0,0
"South Bend-Mishawaka, IN-MI","43780",2008,366,242,120,4,0,0,0,115,76,42,0,72,166,128,0
"Spartanburg, SC","43900",2008,359,171,162,23,3,0,0,172,97,51,0,0,159,200,0
"Spokane-Spokane Valley, WA","44060",2008,366,217,139,9,1,0,0,156,76,45,0,0,112,227,27
"Springfield, IL","44100",2008,366,319,47,0,0,0,0,88,54,34,1,0,290,75,0
"Springfield, MA","44140",2008,366,214,133,18,1,0,0,174,84,47,0,9,140,217,0
"Springfield, MO","44180",2008,366,278,86,2,0,0,0,129,64,40,3,102,183,78,0
"Springfield, OH","44220",2008,263,157,95,10,1,0,0,161,84,47,0,0,186,77,0
"St. Cloud, MN","41060",2008,366,284,79,2,1,0,0,152,60,38,14,0,136,216,0
"St. George, UT","41100",2008,360,218,135,7,0,0,0,119,80,48,0,0,356,4,0
"St. Joseph, MO-KS","41140",2008,317,62,255,0,0,0,0,95,77,60,0,0,0,311,6
"St. Louis, MO-IL","41180",2008,366,79,263,23,1,0,0,159,92,61,0,1,89,241,35
"St. Marys, PA","41260",2008,344,298,41,5,0,0,0,119,54,36,0,0,344,0,0
"State College, PA","44300",2008,366,219,136,11,0,0,0,136,80,45,0,2,198,166,0
"Steamboat Springs, CO","44460",2008,298,276,22,0,0,0,0,85,45,21,0,0,0,0,298
"Stockton-Lodi, CA","44700",2008,366,192,142,22,10,0,0,195,95,49,0,38,213,105,10
"Summerville, GA","44900",2008,260,201,58,1,0,0,0,101,71,42,0,0,239,0,21
"Syracuse, NY","45060",2008,366,304,57,4,1,0,0,161,61,37,0,0,334,32,0
"Tahlequah, OK","45140",2008,366,306,59,1,0,0,0,108,61,37,0,56,284,0,26
"Talladega-Sylacauga, AL","45180",2008,107,61,46,0,0,0,0,92,64,49,0,0,0,107,0
"Tallahassee, FL","45220",2008,366,170,185,11,0,0,0,129,75,52,0,0,83,283,0
"Tampa-St. Petersburg-Clearwater, FL","45300",2008,366,203,152,9,2,0,0,187,71,49,0,2,170,193,1
"Taos, NM","45340",2008,365,355,10,0,0,0,0,61,34,16,0,0,0,346,19
"Terre Haute, IN","45460",2008,359,212,145,2,0,0,0,115,71,46,0,0,92,267,0
"Texarkana, TX-AR","45500",2008,61,39,22,0,0,0,0,79,67,41,0,0,0,61,0
"The Dalles, OR","45520",2008,364,317,47,0,0,0,0,93,53,19,0,0,0,364,0
"Toledo, OH","45780",2008,366,181,172,13,0,0,0,129,84,51,0,0,153,193,20
"Topeka, KS","45820",2008,366,298,68,0,0,0,0,93,57,38,0,0,286,59,21
"Torrington, CT","45860",2008,366,309,48,8,1,0,0,161,61,36,0,37,278,51,0
"Traverse City, MI","45900",2008,183,143,38,1,1,0,0,154,71,42,0,0,183,0,0
"Trenton, NJ","45940",2008,366,220,128,17,1,0,0,174,84,44,0,19,189,156,2
"Truckee-Grass Valley, CA","46020",2008,366,188,126,34,17,1,0,203,115,50,0,2,306,58,0
"Tucson, AZ","46060",2008,366,201,148,17,0,0,0,133,90,49,0,32,286,10,38
"Tulsa, OK","46140",2008,366,180,174,10,2,0,0,187,77,51,0,4,188,171,3
"Tupelo, MS","46180",2008,362,230,130,2,0,0,0,108,65,44,0,0,97,265,0
"Tuscaloosa, AL","46220",2008,267,208,58,1,0,0,0,101,60,40,0,0,180,87,0
"Twin Falls, ID","46300",2008,335,302,33,0,0,0,0,79,50,26,0,0,0,335,0
"Tyler, TX","46340",2008,364,304,56,3,1,0,0,190,61,38,0,7,357,0,0
"Ukiah, CA","46380",2008,365,347,15,3,0,0,0,134,44,31,12,32,286,22,13
"Urban Honolulu, HI","46520",2008,366,355,11,0,0,0,0,98,36,23,0,18,194,53,101
"Utica-Rome, NY","46540",2008,366,236,127,3,0,0,0,140,67,45,0,0,200,166,0
"Valdosta, GA","46660",2008,339,121,216,2,0,0,0,117,70,55,0,0,0,339,0
"Vallejo-Fairfield, CA","46700",2008,366,172,171,19,4,0,0,169,87,52,0,2,137,227,0
"Vernal, UT","46860",2008,166,76,90,0,0,0,0,97,77,51,0,0,166,0,0
"Victoria, TX","47020",2008,355,334,21,0,0,0,0,90,45,31,0,0,355,0,0
"Vincennes, IN","47180",2008,364,275,87,2,0,0,0,108,67,40,0,0,299,65,0
"Vineland-Bridgeton, NJ","47220",2008,364,223,125,16,0,0,0,143,77,44,0,0,195,169,0
"Vineyard Haven, MA","47240",2008,242,174,59,6,3,0,0,190,77,43,0,0,174,68,0
"Virginia Beach-Norfolk-Newport News, VA-NC","47260",2008,366,211,130,18,7,0,0,174,84,45,0,39,153,174,0
"Visalia-Porterville, CA","47300",2008,366,61,135,97,65,8,0,217,166,97,0,0,245,121,0
"Wabash, IN","47340",2008,340,301,38,1,0,0,0,101,51,37,0,0,340,0,0
"Waco, TX","47380",2008,363,255,103,5,0,0,0,133,67,44,0,3,211,149,0
"Walla Walla, WA","47460",2008,366,297,68,1,0,0,0,107,59,28,0,0,0,256,110
"Walterboro, SC","47500",2008,362,301,58,3,0,0,0,115,64,37,0,0,362,0,0
"Warner Robins, GA","47580",2008,341,145,193,3,0,0,0,117,70,53,0,0,0,341,0
"Washington Court House, OH","47920",2008,347,284,61,2,0,0,0,122,61,37,0,0,347,0,0
"Washington-Arlington-Alexandria, DC-VA-MD-WV","47900",2008,366,159,169,30,8,0,0,197,101,53,4,60,156,146,0
"Waterloo-Cedar Falls, IA","47940",2008,270,211,57,2,0,0,0,115,61,41,0,0,187,75,8
"Watertown, SD","47980",2008,362,315,46,0,1,0,0,151,53,23,0,0,0,87,275
"Watertown-Fort Atkinson, WI","48020",2008,200,166,34,0,0,0,0,93,61,41,0,0,200,0,0
"Watertown-Fort Drum, NY","48060",2008,291,252,35,4,0,0,0,140,58,33,0,0,291,0,0
"Wausau, WI","48140",2008,215,192,22,1,0,0,0,108,51,39,0,0,215,0,0
"Weirton-Steubenville, WV-OH","48260",2008,366,230,121,15,0,0,0,147,80,44,0,0,157,104,105
"Wenatchee, WA","48300",2008,366,241,124,1,0,0,0,112,70,33,0,0,0,366,0
"Wheeling, WV-OH","48540",2008,366,160,199,7,0,0,0,116,79,52,0,0,80,286,0
"Whitewater-Elkhorn, WI","48580",2008,191,152,37,2,0,0,0,105,61,42,0,0,191,0,0
"Wichita Falls, TX","48660",2008,353,319,34,0,0,0,0,76,50,29,0,0,0,353,0
"Wichita, KS","48620",2008,366,274,89,3,0,0,0,122,64,42,0,19,276,49,22
"Williamsport, PA","48700",2008,233,185,41,5,2,0,0,159,67,39,0,0,208,0,25
"Wilmington, NC","48900",2008,183,151,31,1,0,0,0,116,58,41,0,0,167,16,0
"Wilmington, OH","48940",2008,209,137,62,9,1,0,0,154,84,47,0,0,209,0,0
"Winchester, VA-WV","49020",2008,265,184,75,6,0,0,0,136,71,43,0,0,173,89,3
"Winona, MN","49100",2008,120,98,22,0,0,0,0,97,57,29,0,0,0,120,0
"Winston-Salem, NC","49180",2008,366,134,213,17,2,0,0,161,86,55,0,14,114,238,0
"Worcester, MA-CT","49340",2008,366,245,110,9,2,0,0,197,74,43,0,16,223,127,0
"Yakima, WA","49420",2008,366,255,96,14,1,0,0,152,74,36,0,0,0,366,0
"York-Hanover, PA","49620",2008,365,236,105,22,2,0,0,177,87,42,1,108,169,82,5
"Youngstown-Warren-Boardman, OH-PA","49660",2008,366,173,174,19,0,0,0,150,88,52,0,0,141,225,0
"Yuba City, CA","49700",2008,365,179,149,28,7,2,0,208,101,51,0,15,204,145,1
"Yuma, AZ","49740",2008,360,220,116,23,0,1,0,245,87,45,0,0,156,23,181
