"CBSA","CBSA Code","Year","Days with AQI","Good Days","Moderate Days","Unhealthy for Sensitive Groups Days","Unhealthy Days","Very Unhealthy Days","Hazardous Days","Max AQI","90th Percentile AQI","Median AQI","Days CO","Days NO2","Days Ozone","Days PM2.5","Days PM10"
"Aberdeen, SD","10100",2023,181,161,17,2,1,0,0,162,52,23,0,0,0,144,37
"Aberdeen, WA","10140",2023,181,181,0,0,0,0,0,40,28,15,0,0,0,181,0
"Ada, OK","10220",2023,181,148,33,0,0,0,0,93,56,39,0,0,154,22,5
"Adrian, MI","10300",2023,180,102,64,9,4,1,0,229,90,49,0,0,75,105,0
"Akron, OH","10420",2023,243,153,81,6,2,1,0,205,80,45,0,0,156,87,0
"Albany, GA","10500",2023,242,152,85,5,0,0,0,140,70,43,0,0,0,242,0
"Albany, OR","10540",2023,212,199,13,0,0,0,0,84,44,20,0,0,0,212,0
"Albany-Schenectady-Troy, NY","10580",2023,266,211,48,4,3,0,0,177,61,39,0,0,159,107,0
"Albuquerque, NM","10740",2023,182,43,130,4,4,1,0,207,87,67,1,5,96,17,63
"Alexandria, LA","10780",2023,59,44,15,0,0,0,0,77,56,30,0,0,0,59,0
"Allentown-Bethlehem-Easton, PA-NJ","10900",2023,231,168,56,2,4,0,1,309,64,42,0,53,101,77,0
"Altoona, PA","11020",2023,177,122,49,1,5,0,0,193,77,44,0,0,83,94,0
"Amarillo, TX","11100",2023,212,141,68,3,0,0,0,125,77,46,0,0,193,19,0
"Americus, GA","11140",2023,153,135,18,0,0,0,0,87,51,39,0,0,153,0,0
"Anchorage, AK","11260",2023,182,155,26,1,0,0,0,102,54,23,5,0,0,84,93
"Ann Arbor, MI","11460",2023,212,125,74,9,4,0,0,196,87,46,0,0,124,88,0
"Appleton, WI","11540",2023,181,114,55,7,5,0,0,177,91,43,0,0,66,115,0
"Ardmore, OK","11620",2023,226,125,93,8,0,0,0,136,87,49,0,0,161,65,0
"Arkadelphia, AR","11660",2023,210,191,19,0,0,0,0,87,49,34,0,0,210,0,0
"Asheville, NC","11700",2023,243,170,68,5,0,0,0,112,74,45,0,0,178,65,0
"Ashtabula, OH","11780",2023,184,149,33,2,0,0,0,147,71,43,0,0,184,0,0
"Athens, OH","11900",2023,122,104,17,0,1,0,0,156,55,28,0,0,0,122,0
"Athens, TN","11940",2023,176,143,32,1,0,0,0,108,61,30,0,0,0,176,0
"Athens-Clarke County, GA","12020",2023,241,150,88,3,0,0,0,147,72,47,0,0,84,157,0
"Atlanta-Sandy Springs-Roswell, GA","12060",2023,243,111,116,14,2,0,0,172,90,52,0,3,122,118,0
"Atlantic City-Hammonton, NJ","12100",2023,181,155,21,3,2,0,0,195,54,34,0,0,122,59,0
"Augusta-Richmond County, GA-SC","12260",2023,273,177,96,0,0,0,0,96,66,45,0,0,144,129,0
"Augusta-Waterville, ME","12300",2023,206,183,23,0,0,0,0,91,53,36,0,0,150,53,3
"Austin-Round Rock, TX","12420",2023,182,101,78,3,0,0,0,122,72,48,1,0,82,99,0
"Bakersfield, CA","12540",2023,240,173,65,2,0,0,0,111,60,42,0,0,58,170,12
"Baltimore-Columbia-Towson, MD","12580",2023,273,169,88,12,3,1,0,205,84,47,0,15,207,51,0
"Bangor, ME","12620",2023,270,245,25,0,0,0,0,88,50,36,0,0,177,91,2
"Baraboo, WI","12660",2023,181,116,45,15,4,1,0,246,101,44,0,0,77,104,0
"Barnstable Town, MA","12700",2023,173,160,11,2,0,0,0,140,49,40,0,0,173,0,0
"Baton Rouge, LA","12940",2023,274,127,124,22,1,0,0,154,97,52,1,0,152,121,0
"Bay City, MI","13020",2023,181,136,39,3,3,0,0,181,60,35,0,0,0,181,0
"Beatrice, NE","13100",2023,261,228,30,2,1,0,0,160,54,27,0,0,0,261,0
"Beaumont-Port Arthur, TX","13140",2023,181,106,71,4,0,0,0,122,72,47,0,0,94,87,0
"Beaver Dam, WI","13180",2023,182,116,49,13,3,1,0,203,97,44,1,0,128,53,0
"Bellingham, WA","13380",2023,181,179,2,0,0,0,0,77,39,28,0,0,87,94,0
"Bemidji, MN","13420",2023,177,145,29,2,1,0,0,155,61,14,0,0,0,177,0
"Bend-Redmond, OR","13460",2023,212,193,10,6,2,0,1,332,45,17,0,0,0,212,0
"Bennington, VT","13540",2023,180,158,18,2,2,0,0,156,51,39,0,0,157,23,0
"Berlin, NH-VT","13620",2023,181,153,26,2,0,0,0,136,61,44,0,0,181,0,0
"Billings, MT","13740",2023,177,167,10,0,0,0,0,94,43,19,0,0,0,177,0
"Birmingham-Hoover, AL","13820",2023,182,72,98,8,3,1,0,230,91,54,1,0,63,118,0
"Bishop, CA","13860",2023,273,117,137,12,2,0,5,757,90,57,0,0,177,68,28
"Bismarck, ND","13900",2023,229,143,70,12,3,1,0,286,85,45,0,4,144,81,0
"Blacksburg-Christiansburg-Radford, VA","13980",2023,208,172,35,1,0,0,0,101,58,43,0,0,208,0,0
"Bloomington, IL","14010",2023,273,157,103,10,2,1,0,264,84,47,0,0,143,130,0
"Bloomington, IN","14020",2023,273,190,71,10,1,1,0,205,71,44,0,0,155,118,0
"Boise City, ID","14260",2023,182,134,47,1,0,0,0,101,58,46,1,2,124,54,1
"Boston-Cambridge-Newton, MA-NH","14460",2023,182,130,47,5,0,0,0,136,64,45,1,0,113,68,0
"Boulder, CO","14500",2023,249,133,111,3,2,0,0,173,77,49,0,0,173,74,2
"Bowling Green, KY","14540",2023,243,189,49,4,1,0,0,154,64,42,0,0,184,59,0
"Bozeman, MT","14580",2023,244,235,9,0,0,0,0,98,32,19,1,5,0,238,0
"Brainerd, MN","14660",2023,181,130,44,6,1,0,0,161,84,43,0,0,102,79,0
"Bremerton-Silverdale, WA","14740",2023,170,168,2,0,0,0,0,56,30,15,0,0,0,170,0
"Bridgeport-Stamford-Norwalk, CT","14860",2023,181,131,41,5,3,1,0,217,77,44,0,9,98,73,1
"Brookings, SD","15100",2023,181,134,43,3,1,0,0,155,74,44,0,0,163,15,3
"Brownsville-Harlingen, TX","15180",2023,181,80,96,5,0,0,0,141,85,54,0,0,55,126,0
"Brunswick, GA","15260",2023,271,229,42,0,0,0,0,88,56,38,0,0,122,149,0
"Buffalo-Cheektowaga-Niagara Falls, NY","15380",2023,273,181,84,5,3,0,0,169,76,43,0,6,129,138,0
"Burlington-South Burlington, VT","15540",2023,182,153,25,3,1,0,0,158,56,42,3,0,145,34,0
"Butte-Silver Bow, MT","15580",2023,181,148,31,2,0,0,0,124,59,20,0,0,0,136,45
"Cadillac, MI","15620",2023,212,153,52,5,2,0,0,187,80,44,0,0,149,63,0
"Cambridge, MD","15700",2023,212,168,38,3,3,0,0,171,61,43,0,0,186,26,0
"Canton-Massillon, OH","15940",2023,243,126,107,7,2,1,0,258,82,49,0,0,116,127,0
"Cape Coral-Fort Myers, FL","15980",2023,181,164,16,1,0,0,0,101,49,36,0,0,181,0,0
"Carlsbad-Artesia, NM","16100",2023,228,100,117,11,0,0,0,143,93,54,0,1,227,0,0
"Carson City, NV","16180",2023,180,128,52,0,0,0,0,97,64,46,0,0,152,28,0
"Casper, WY","16220",2023,181,166,14,1,0,0,0,102,50,44,0,4,171,6,0
"Ca¤on City, CO","15860",2023,80,79,1,0,0,0,0,71,23,13,0,0,0,0,80
"Cedar City, UT","16260",2023,273,223,49,1,0,0,0,103,60,44,0,15,254,4,0
"Cedar Rapids, IA","16300",2023,273,133,122,14,4,0,0,190,84,51,0,0,122,151,0
"Centralia, WA","16500",2023,177,172,5,0,0,0,0,60,35,17,0,0,0,177,0
"Chambersburg-Waynesboro, PA","16540",2023,120,91,27,2,0,0,0,133,80,45,0,0,120,0,0
"Champaign-Urbana, IL","16580",2023,273,171,89,11,1,1,0,252,77,46,0,0,177,96,0
"Charleston, WV","16620",2023,178,152,25,0,1,0,0,152,60,40,1,0,100,77,0
"Charleston-North Charleston, SC","16700",2023,273,211,60,2,0,0,0,105,61,42,0,0,148,123,2
"Charlotte-Concord-Gastonia, NC-SC","16740",2023,274,158,108,8,0,0,0,150,80,48,1,0,190,83,0
"Charlottesville, VA","16820",2023,180,139,37,1,3,0,0,164,68,42,0,0,89,91,0
"Chattanooga, TN-GA","16860",2023,273,160,110,3,0,0,0,145,74,47,0,0,123,150,0
"Cheyenne, WY","16940",2023,182,131,46,4,1,0,0,155,64,46,1,1,168,6,6
"Chicago-Naperville-Elgin, IL-IN-WI","16980",2023,274,96,139,29,8,2,0,221,115,57,1,9,138,119,7
"Chico, CA","17020",2023,181,148,33,0,0,0,0,87,57,43,0,0,157,24,0
"Cincinnati, OH-KY-IN","17140",2023,244,101,120,19,4,0,0,185,100,54,1,8,105,124,6
"Claremont-Lebanon, NH-VT","17200",2023,181,171,10,0,0,0,0,80,48,39,0,0,151,30,0
"Clarksburg, WV","17220",2023,53,43,9,0,1,0,0,162,60,29,0,0,0,53,0
"Clarksville, TN-KY","17300",2023,181,131,46,4,0,0,0,115,62,43,0,0,90,91,0
"Clearlake, CA","17340",2023,104,104,0,0,0,0,0,43,40,33,0,0,89,15,0
"Cleveland, MS","17380",2023,180,122,55,3,0,0,0,126,70,44,0,0,69,111,0
"Cleveland-Elyria, OH","17460",2023,244,106,122,11,4,1,0,260,90,54,3,1,118,120,2
"Clinton, IA","17540",2023,273,143,113,13,3,1,0,210,87,50,0,0,126,147,0
"Coeur d'Alene, ID","17660",2023,177,166,11,0,0,0,0,66,41,21,0,0,0,177,0
"College Station-Bryan, TX","17780",2023,164,129,35,0,0,0,0,76,55,30,0,0,0,164,0
"Colorado Springs, CO","17820",2023,248,148,98,1,1,0,0,153,77,48,1,0,232,11,4
"Columbia, MO","17860",2023,91,50,36,5,0,0,0,143,90,49,0,0,91,0,0
"Columbia, SC","17900",2023,244,167,73,4,0,0,0,123,66,45,1,0,139,104,0
"Columbus, GA-AL","17980",2023,273,176,94,2,1,0,0,153,70,45,0,0,118,155,0
"Columbus, IN","18020",2023,267,196,63,7,1,0,0,194,71,44,0,0,176,91,0
"Columbus, OH","18140",2023,244,133,98,9,4,0,0,192,84,49,1,4,122,116,1
"Concord, NH","18180",2023,121,108,13,0,0,0,0,100,51,42,0,0,121,0,0
"Cookeville, TN","18260",2023,172,143,28,1,0,0,0,109,54,29,0,0,0,172,0
"Corning, NY","18500",2023,267,225,34,3,4,1,0,231,66,39,1,0,194,72,0
"Corpus Christi, TX","18580",2023,212,122,89,1,0,0,0,101,71,47,0,0,93,119,0
"Corsicana, TX","18620",2023,180,138,42,0,0,0,0,80,64,41,0,0,123,57,0
"Crescent City, CA","18860",2023,163,156,7,0,0,0,0,67,43,25,0,0,0,163,0
"Crestview-Fort Walton Beach-Destin, FL","18880",2023,57,48,9,0,0,0,0,84,64,42,0,0,52,0,5
"Dallas-Fort Worth-Arlington, TX","19100",2023,182,79,88,13,2,0,0,172,94,54,1,4,87,86,4
"Dalton, GA","19140",2023,151,115,32,4,0,0,0,108,77,44,0,0,151,0,0
"Daphne-Fairhope-Foley, AL","19300",2023,170,143,27,0,0,0,0,90,54,40,0,0,84,86,0
"Davenport-Moline-Rock Island, IA-IL","19340",2023,274,139,112,19,3,1,0,207,87,50,1,0,142,107,24
"Dayton, OH","19380",2023,243,130,100,10,3,0,0,189,80,49,0,0,143,99,1
"Decatur, AL","19460",2023,181,138,41,2,0,0,0,140,64,41,0,0,95,86,0
"Decatur, IL","19500",2023,273,156,101,14,1,1,0,262,82,48,0,0,149,124,0
"Deltona-Daytona Beach-Ormond Beach, FL","19660",2023,181,145,36,0,0,0,0,80,56,42,0,0,126,55,0
"Deming, NM","19700",2023,174,161,11,1,1,0,0,157,44,19,0,0,0,0,174
"Denver-Aurora-Lakewood, CO","19740",2023,267,65,175,24,2,1,0,277,101,64,0,24,187,43,13
"Des Moines-West Des Moines, IA","19780",2023,273,162,96,12,3,0,0,162,77,45,0,1,126,146,0
"Detroit-Warren-Dearborn, MI","19820",2023,182,54,104,17,7,0,0,200,110,58,1,4,43,132,2
"Dickinson, ND","19860",2023,212,172,32,6,1,1,0,201,67,42,0,0,173,39,0
"Dodge City, KS","19980",2023,180,165,14,1,0,0,0,147,48,15,0,0,0,0,180
"Douglas, GA","20060",2023,66,55,11,0,0,0,0,87,56,30,0,0,0,66,0
"Duluth, MN-WI","20260",2023,242,189,48,4,1,0,0,155,74,40,0,4,184,50,4
"Durango, CO","20420",2023,244,134,108,1,1,0,0,161,77,50,1,0,237,6,0
"Durham-Chapel Hill, NC","20500",2023,243,196,43,4,0,0,0,121,65,43,0,0,152,91,0
"Dyersburg, TN","20540",2023,176,154,22,0,0,0,0,67,54,30,0,0,0,176,0
"Eagle Pass, TX","20580",2023,172,130,41,1,0,0,0,101,62,28,0,0,0,172,0
"East Stroudsburg, PA","20700",2023,120,100,17,3,0,0,0,126,61,43,0,0,120,0,0
"Eau Claire, WI","20740",2023,181,112,54,10,5,0,0,161,93,45,0,0,72,109,0
"Effingham, IL","20820",2023,211,152,49,10,0,0,0,140,77,45,0,0,211,0,0
"El Centro, CA","20940",2023,191,77,97,11,1,2,3,505,98,55,0,0,115,35,41
"El Dorado, AR","20980",2023,90,65,24,1,0,0,0,102,59,39,0,0,0,90,0
"El Paso, TX","21340",2023,182,52,122,7,1,0,0,154,85,60,1,9,70,101,1
"Elizabethtown-Fort Knox, KY","21060",2023,186,131,52,2,1,0,0,151,79,43,0,0,89,97,0
"Elkhart-Goshen, IN","21140",2023,273,199,67,5,2,0,0,182,68,42,0,0,198,75,0
"Elko, NV","21220",2023,170,170,0,0,0,0,0,44,19,10,0,0,0,0,170
"Ellensburg, WA","21260",2023,181,165,15,1,0,0,0,106,49,18,0,0,0,181,0
"Erie, PA","21500",2023,244,196,40,6,2,0,0,173,59,35,2,24,68,106,44
"Espa¤ola, NM","21580",2023,169,145,24,0,0,0,0,71,54,44,0,0,169,0,0
"Eugene, OR","21660",2023,273,201,59,6,7,0,0,192,72,38,0,0,99,174,0
"Eureka-Arcata-Fortuna, CA","21700",2023,233,202,20,6,3,2,0,274,58,31,0,0,144,71,18
"Evanston, WY","21740",2023,181,181,0,0,0,0,0,32,12,6,0,0,0,0,181
"Evansville, IN-KY","21780",2023,273,167,97,8,1,0,0,172,76,46,0,0,144,128,1
"Fairbanks, AK","21820",2023,182,142,29,9,2,0,0,155,64,39,1,0,103,78,0
"Fairmont, WV","21900",2023,59,50,8,0,1,0,0,165,58,31,0,0,0,59,0
"Fallon, NV","21980",2023,180,149,31,0,0,0,0,80,61,44,0,0,180,0,0
"Fargo, ND-MN","22020",2023,205,105,92,6,2,0,0,169,85,49,0,2,107,96,0
"Farmington, NM","22140",2023,237,146,88,3,0,0,0,117,74,48,0,2,233,0,2
"Fayetteville, NC","22180",2023,243,166,76,1,0,0,0,129,67,45,0,0,133,110,0
"Fayetteville-Springdale-Rogers, AR-MO","22220",2023,273,186,82,5,0,0,0,119,67,45,0,0,261,12,0
"Fernley, NV","22280",2023,167,152,15,0,0,0,0,77,50,43,0,0,167,0,0
"Flagstaff, AZ","22380",2023,273,160,112,1,0,0,0,126,80,49,0,0,273,0,0
"Flint, MI","22420",2023,180,120,50,7,3,0,0,171,87,44,0,0,88,92,0
"Florence, SC","22500",2023,243,166,76,1,0,0,0,104,64,44,0,0,113,130,0
"Fond du Lac, WI","22540",2023,96,64,28,4,0,0,0,122,84,44,0,0,96,0,0
"Fort Collins, CO","22660",2023,244,103,137,3,1,0,0,156,80,51,1,0,220,23,0
"Fort Madison-Keokuk, IA-IL-MO","22800",2023,60,47,13,0,0,0,0,97,60,35,0,0,0,60,0
"Fort Payne, AL","22840",2023,212,155,55,2,0,0,0,133,63,43,0,0,141,71,0
"Fort Smith, AR-OK","22900",2023,205,158,47,0,0,0,0,84,61,41,0,2,77,126,0
"Fort Wayne, IN","23060",2023,243,132,101,7,3,0,0,199,90,49,0,0,144,99,0
"Fresno, CA","23420",2023,243,118,105,19,1,0,0,151,93,51,0,0,204,38,1
"Gadsden, AL","23460",2023,181,126,55,0,0,0,0,100,64,43,0,0,74,107,0
"Gainesville, FL","23540",2023,181,155,26,0,0,0,0,87,54,40,0,0,115,66,0
"Gainesville, GA","23580",2023,241,158,80,3,0,0,0,137,67,42,0,0,0,241,0
"Gardnerville Ranchos, NV","23820",2023,176,163,13,0,0,0,0,70,46,18,0,0,0,176,0
"Gettysburg, PA","23900",2023,244,166,69,5,3,1,0,216,80,45,25,7,141,71,0
"Gillette, WY","23940",2023,181,138,40,3,0,0,0,146,61,44,0,0,142,7,32
"Glenwood Springs, CO","24060",2023,132,127,5,0,0,0,0,71,48,31,0,0,90,0,42
"Grand Island, NE","24260",2023,265,225,37,0,3,0,0,179,55,29,0,0,0,265,0
"Grand Junction, CO","24300",2023,231,200,31,0,0,0,0,77,54,41,0,0,170,33,28
"Grand Rapids-Wyoming, MI","24340",2023,182,111,60,8,2,1,0,202,90,46,2,1,106,73,0
"Grants Pass, OR","24420",2023,212,173,34,3,2,0,0,158,64,28,0,0,0,212,0
"Great Falls, MT","24500",2023,174,149,22,3,0,0,0,131,54,34,0,0,0,174,0
"Greeley, CO","24540",2023,249,100,146,2,1,0,0,159,84,55,1,1,191,56,0
"Green Bay, WI","24580",2023,181,116,50,10,5,0,0,172,97,44,0,0,76,105,0
"Greenfield Town, MA","24640",2023,181,150,28,3,0,0,0,137,55,39,0,0,121,60,0
"Greensboro-High Point, NC","24660",2023,243,176,65,2,0,0,0,131,71,45,0,0,147,96,0
"Greenville, NC","24780",2023,243,200,41,2,0,0,0,118,58,42,0,0,125,118,0
"Greenville-Anderson-Mauldin, SC","24860",2023,273,163,108,2,0,0,0,126,71,47,0,0,171,102,0
"Guayama, PR","25020",2023,29,28,1,0,0,0,0,54,29,12,0,0,0,0,29
"Gulfport-Biloxi-Pascagoula, MS","25060",2023,181,121,57,3,0,0,0,108,66,45,0,0,71,110,0
"Hagerstown-Martinsburg, MD-WV","25180",2023,269,216,45,6,2,0,0,167,61,43,0,0,184,85,0
"Hailey, ID","25200",2023,163,161,2,0,0,0,0,59,26,15,0,0,0,163,0
"Hammond, LA","25220",2023,63,57,6,0,0,0,0,67,48,30,0,0,0,63,0
"Hanford-Corcoran, CA","25260",2023,212,162,43,7,0,0,0,129,67,41,0,0,170,0,42
"Harrisburg-Carlisle, PA","25420",2023,208,128,70,5,3,2,0,230,79,45,0,0,80,103,25
"Harrison, AR","25460",2023,273,237,36,0,0,0,0,90,58,40,0,0,273,0,0
"Harrisonburg, VA","25500",2023,212,186,24,1,1,0,0,163,55,37,0,54,114,44,0
"Hartford-West Hartford-East Hartford, CT","25540",2023,182,138,37,3,4,0,0,162,64,43,1,14,127,40,0
"Hattiesburg, MS","25620",2023,181,129,52,0,0,0,0,93,61,40,0,0,0,181,0
"Havre, MT","25660",2023,30,25,5,0,0,0,0,67,64,23,0,0,0,30,0
"Helena, MT","25740",2023,182,143,37,0,2,0,0,161,61,44,1,0,147,34,0
"Hermiston-Pendleton, OR","25840",2023,212,186,26,0,0,0,0,87,54,35,0,0,98,114,0
"Hickory-Lenoir-Morganton, NC","25860",2023,243,174,65,4,0,0,0,115,64,44,0,0,125,109,9
"Hilo, HI","25900",2023,226,220,6,0,0,0,0,68,35,17,0,0,0,226,0
"Hobbs, NM","26020",2023,180,119,58,3,0,0,0,133,77,45,0,0,152,28,0
"Holland, MI","26090",2023,181,130,37,11,3,0,0,181,87,42,0,0,102,79,0
"Homosassa Springs, FL","26140",2023,180,156,24,0,0,0,0,70,53,36,0,0,0,180,0
"Hot Springs, AR","26300",2023,76,59,17,0,0,0,0,63,56,34,0,0,0,76,0
"Houma-Thibodaux, LA","26380",2023,273,168,104,1,0,0,0,101,68,46,0,0,106,167,0
"Houston-The Woodlands-Sugar Land, TX","26420",2023,182,38,119,21,3,1,0,205,115,63,1,1,69,87,24
"Huntington-Ashland, WV-KY-OH","26580",2023,243,168,69,4,2,0,0,157,67,45,0,2,126,114,1
"Huntsville, AL","26620",2023,181,129,50,2,0,0,0,115,68,43,0,0,86,95,0
"Idaho Falls, ID","26820",2023,242,200,42,0,0,0,0,82,54,46,0,0,227,15,0
"Indiana, PA","26860",2023,183,136,40,4,3,0,0,197,72,43,0,0,73,110,0
"Indianapolis-Carmel-Anderson, IN","26900",2023,244,82,142,16,2,2,0,234,93,58,1,0,95,146,2
"Iowa City, IA","26980",2023,273,165,102,2,4,0,0,192,67,45,0,0,0,273,0
"Ithaca, NY","27060",2023,211,188,23,0,0,0,0,100,51,39,0,0,211,0,0
"Jackson, MS","27140",2023,182,109,71,2,0,0,0,115,68,47,1,0,87,94,0
"Jackson, TN","27180",2023,175,140,35,0,0,0,0,72,57,32,0,0,0,175,0
"Jackson, WY-ID","27220",2023,244,203,41,0,0,0,0,74,54,46,1,0,240,3,0
"Jacksonville, FL","27260",2023,182,118,64,0,0,0,0,83,66,45,1,1,90,90,0
"Jamestown-Dunkirk-Fredonia, NY","27460",2023,241,207,30,4,0,0,0,133,61,40,0,0,230,11,0
"Janesville-Beloit, WI","27500",2023,96,43,32,19,2,0,0,177,126,54,0,0,96,0,0
"Jasper, IN","27540",2023,117,88,28,1,0,0,0,130,64,34,0,0,0,114,3
"Jefferson City, MO","27620",2023,91,52,34,5,0,0,0,133,90,49,0,0,91,0,0
"Johnstown, PA","27780",2023,244,188,53,0,3,0,0,187,64,38,2,42,70,107,23
"Joplin, MO","27900",2023,150,112,35,3,0,0,0,119,72,44,0,0,84,0,66
"Juneau, AK","27940",2023,180,168,12,0,0,0,0,66,41,17,0,0,0,176,4
"Kahului-Wailuku-Lahaina, HI","27980",2023,163,162,0,0,1,0,0,152,29,18,0,0,0,163,0
"Kalamazoo-Portage, MI","28020",2023,176,95,73,5,3,0,0,200,79,48,0,0,76,100,0
"Kalispell, MT","28060",2023,242,199,40,1,2,0,0,158,57,41,0,0,161,58,23
"Kansas City, MO-KS","28140",2023,181,84,78,18,1,0,0,166,101,52,0,4,107,65,5
"Keene, NH","28300",2023,179,154,25,0,0,0,0,90,56,39,0,0,121,58,0
"Kennewick-Richland, WA","28420",2023,181,158,22,1,0,0,0,116,54,34,0,0,66,97,18
"Killeen-Temple, TX","28660",2023,181,133,48,0,0,0,0,93,68,44,0,0,147,34,0
"Kingsport-Bristol-Bristol, TN-VA","28700",2023,210,161,47,2,0,0,0,118,64,41,0,0,102,108,0
"Kingsville, TX","28780",2023,195,119,76,0,0,0,0,88,66,41,0,0,0,195,0
"Kinston, NC","28820",2023,183,152,30,1,0,0,0,105,58,44,0,0,183,0,0
"Klamath Falls, OR","28900",2023,211,173,38,0,0,0,0,80,56,23,0,0,0,211,0
"Knoxville, TN","28940",2023,273,157,108,8,0,0,0,149,74,47,0,0,166,107,0
"Kokomo, IN","29020",2023,243,160,71,10,2,0,0,186,74,44,0,0,174,69,0
"La Crosse-Onalaska, WI-MN","29100",2023,168,98,60,5,5,0,0,173,91,45,0,0,76,92,0
"La Grande, OR","29260",2023,181,179,2,0,0,0,0,72,28,16,0,0,0,177,4
"Laconia, NH","29060",2023,181,168,13,0,0,0,0,87,48,38,0,0,112,69,0
"Lafayette, LA","29180",2023,273,209,63,1,0,0,0,112,64,42,0,0,219,52,2
"Lafayette-West Lafayette, IN","29200",2023,243,173,59,9,2,0,0,190,74,43,0,0,165,78,0
"Lake Charles, LA","29340",2023,273,148,121,4,0,0,0,133,72,48,0,0,141,131,1
"Lake City, FL","29380",2023,180,134,46,0,0,0,0,86,58,43,0,0,104,76,0
"Lake Havasu City-Kingman, AZ","29420",2023,265,258,7,0,0,0,0,99,28,15,0,0,0,0,265
"Lakeland-Winter Haven, FL","29460",2023,181,143,37,1,0,0,0,101,63,42,0,0,149,32,0
"Lancaster, PA","29540",2023,183,57,113,8,3,2,0,285,93,59,0,0,37,146,0
"Lansing-East Lansing, MI","29620",2023,181,127,45,6,3,0,0,183,85,42,0,3,132,46,0
"Laramie, WY","29660",2023,212,103,107,2,0,0,0,132,74,51,0,0,184,3,25
"Laredo, TX","29700",2023,182,111,69,2,0,0,0,112,71,44,1,0,103,76,2
"Las Cruces, NM","29740",2023,185,97,80,5,3,0,0,196,77,50,0,11,120,14,40
"Las Vegas-Henderson-Paradise, NV","29820",2023,244,79,140,24,1,0,0,197,101,64,1,2,208,26,7
"Lawrenceburg, TN","29980",2023,180,142,38,0,0,0,0,74,57,31,0,0,0,180,0
"Lawton, OK","30020",2023,233,149,81,3,0,0,0,126,71,45,0,0,141,92,0
"Lebanon, PA","30140",2023,183,115,59,4,3,2,0,240,77,44,0,0,83,100,0
"Lewiston, ID-WA","30300",2023,181,142,37,2,0,0,0,113,59,34,0,0,0,181,0
"Lewiston-Auburn, ME","30340",2023,271,247,24,0,0,0,0,74,49,36,0,0,171,100,0
"Lexington-Fayette, KY","30460",2023,187,138,46,2,1,0,0,163,75,43,0,4,89,88,6
"Lima, OH","30620",2023,243,175,60,5,3,0,0,183,77,43,0,0,151,92,0
"Lincoln, NE","30700",2023,140,92,46,2,0,0,0,108,71,44,0,0,116,24,0
"Little Rock-North Little Rock-Conway, AR","30780",2023,274,154,115,4,1,0,0,174,71,47,1,0,108,165,0
"Logan, UT-ID","30860",2023,273,171,94,4,4,0,0,187,74,48,0,0,219,54,0
"Longview, TX","30980",2023,181,160,21,0,0,0,0,93,61,35,0,1,180,0,0
"Longview, WA","31020",2023,181,178,3,0,0,0,0,58,28,11,0,0,0,181,0
"Los Angeles-Long Beach-Anaheim, CA","31080",2023,212,74,118,18,2,0,0,192,100,58,0,8,122,76,6
"Louisville/Jefferson County, KY-IN","31140",2023,243,119,105,18,1,0,0,177,95,51,0,3,126,113,1
"Lubbock, TX","31180",2023,212,198,13,0,1,0,0,158,45,19,0,0,0,212,0
"Ludington, MI","31220",2023,119,91,27,1,0,0,0,143,77,42,0,0,119,0,0
"Lynchburg, VA","31340",2023,90,76,12,2,0,0,0,135,52,26,0,0,0,90,0
"Macon, GA","31420",2023,229,140,85,3,1,0,0,155,71,46,0,0,52,177,0
"Madison, WI","31540",2023,181,100,59,18,3,1,0,243,108,48,0,0,71,110,0
"Manchester-Nashua, NH","31700",2023,182,154,25,3,0,0,0,112,58,42,3,0,172,7,0
"Manitowoc, WI","31820",2023,96,69,26,1,0,0,0,133,80,44,0,0,96,0,0
"Marietta, OH","31930",2023,177,151,26,0,0,0,0,100,54,42,0,0,177,0,0
"Marshall, MN","32140",2023,181,116,59,5,1,0,0,167,77,44,0,0,91,90,0
"Marshall, TX","32220",2023,176,135,40,1,0,0,0,111,59,41,0,1,102,73,0
"Mason City, IA","32380",2023,60,58,2,0,0,0,0,56,41,19,0,0,0,0,60
"Mayaguez, PR","32420",2023,130,121,9,0,0,0,0,59,46,32,0,0,33,97,0
"McAlester, OK","32540",2023,241,162,74,5,0,0,0,119,67,45,0,0,128,113,0
"McAllen-Edinburg-Mission, TX","32580",2023,173,115,58,0,0,0,0,95,70,36,0,0,0,173,0
"Medford, OR","32780",2023,212,182,30,0,0,0,0,76,54,34,0,0,65,147,0
"Memphis, TN-MS-AR","32820",2023,272,165,97,10,0,0,0,140,77,47,0,1,185,86,0
"Meridian, MS","32940",2023,121,110,11,0,0,0,0,87,50,40,0,0,121,0,0
"Miami, OK","33060",2023,118,90,24,4,0,0,0,122,74,45,0,0,118,0,0
"Miami-Fort Lauderdale-West Palm Beach, FL","33100",2023,182,98,82,0,2,0,0,165,67,49,1,10,52,119,0
"Michigan City-La Porte, IN","33140",2023,243,181,50,12,0,0,0,133,80,41,0,0,219,24,0
"Middlesborough, KY","33180",2023,181,122,57,2,0,0,0,131,68,45,0,0,75,106,0
"Milwaukee-Waukesha-West Allis, WI","33340",2023,182,95,66,18,2,1,0,245,101,49,1,6,68,105,2
"Minneapolis-St. Paul-Bloomington, MN-WI","33460",2023,182,87,71,18,6,0,0,180,112,51,1,5,103,72,1
"Minot, ND","33500",2023,212,149,53,8,1,1,0,254,80,43,0,0,173,39,0
"Missoula, MT","33540",2023,180,121,56,3,0,0,0,117,69,44,0,0,95,85,0
"Mobile, AL","33660",2023,178,133,45,0,0,0,0,90,59,43,0,0,68,110,0
"Modesto, CA","33700",2023,167,130,36,1,0,0,0,108,66,42,1,0,115,51,0
"Monroe, LA","33740",2023,266,222,44,0,0,0,0,100,57,38,0,0,252,14,0
"Monroe, MI","33780",2023,40,37,3,0,0,0,0,82,45,26,0,0,0,0,40
"Montgomery, AL","33860",2023,150,97,53,0,0,0,0,93,71,47,0,0,66,84,0
"Morehead City, NC","33980",2023,210,178,30,2,0,0,0,105,61,43,0,0,210,0,0
"Morgantown, WV","34060",2023,139,110,28,0,1,0,0,164,67,44,0,0,115,24,0
"Morristown, TN","34100",2023,120,93,25,2,0,0,0,112,64,44,0,0,120,0,0
"Moscow, ID","34140",2023,181,177,4,0,0,0,0,74,23,10,0,0,0,181,0
"Moses Lake, WA","34180",2023,181,176,5,0,0,0,0,88,34,20,0,0,0,181,0
"Mount Vernon, IL","34500",2023,273,192,70,10,1,0,0,156,69,44,0,0,147,126,0
"Mount Vernon, OH","34540",2023,184,141,42,1,0,0,0,105,64,44,0,0,184,0,0
"Mount Vernon-Anacortes, WA","34580",2023,181,181,0,0,0,0,0,46,38,27,0,0,72,109,0
"Muncie, IN","34620",2023,271,213,53,5,0,0,0,121,66,42,0,0,253,18,0
"Muscatine, IA","34700",2023,273,187,82,1,3,0,0,190,64,40,0,0,0,272,1
"Muskegon, MI","34740",2023,121,89,25,7,0,0,0,147,90,42,0,0,121,0,0
"Myrtle Beach-Conway-North Myrtle Beach, SC-NC","34820",2023,210,165,45,0,0,0,0,100,61,43,0,0,163,47,0
"Naples-Immokalee-Marco Island, FL","34940",2023,180,160,20,0,0,0,0,84,52,39,0,0,97,83,0
"Nashville-Davidson--Murfreesboro--Franklin, TN","34980",2023,182,98,77,7,0,0,0,133,76,49,1,12,83,86,0
"New Castle, IN","35220",2023,226,163,53,8,2,0,0,181,65,38,0,0,0,226,0
"New Castle, PA","35260",2023,96,85,10,1,0,0,0,119,54,41,0,0,96,0,0
"New Haven-Milford, CT","35300",2023,181,134,40,4,3,0,0,191,65,44,0,10,111,59,1
"New Orleans-Metairie, LA","35380",2023,274,148,116,10,0,0,0,126,77,49,1,0,165,107,1
"New York-Newark-Jersey City, NY-NJ-PA","35620",2023,273,135,119,12,6,1,0,254,87,51,0,29,119,125,0
"Niles-Benton Harbor, MI","35660",2023,122,84,29,9,0,0,0,143,93,44,0,0,122,0,0
"Nogales, AZ","35700",2023,268,246,22,0,0,0,0,85,46,28,0,0,0,116,152
"North Port-Sarasota-Bradenton, FL","35840",2023,181,142,39,0,0,0,0,100,60,44,0,0,118,63,0
"Norwich-New London, CT","35980",2023,181,154,21,3,3,0,0,162,55,40,0,0,103,78,0
"Ocala, FL","36100",2023,181,151,30,0,0,0,0,80,56,42,0,0,140,41,0
"Odessa, TX","36220",2023,210,186,24,0,0,0,0,82,52,26,0,0,0,210,0
"Ogden-Clearfield, UT","36260",2023,273,132,128,12,1,0,0,151,84,51,0,18,230,23,2
"Oklahoma City, OK","36420",2023,244,112,121,11,0,0,0,143,87,52,1,7,136,97,3
"Olympia-Tumwater, WA","36500",2023,174,171,3,0,0,0,0,58,41,23,0,0,71,103,0
"Omaha-Council Bluffs, NE-IA","36540",2023,274,149,100,23,2,0,0,169,100,48,1,0,197,75,1
"Orlando-Kissimmee-Sanford, FL","36740",2023,182,134,46,2,0,0,0,115,67,44,1,2,144,35,0
"Othello, WA","36830",2023,181,177,4,0,0,0,0,73,23,12,0,0,0,181,0
"Owensboro, KY","36980",2023,181,115,57,8,1,0,0,165,79,44,0,2,94,85,0
"Oxford, NC","37080",2023,183,147,35,1,0,0,0,105,64,44,0,0,183,0,0
"Oxnard-Thousand Oaks-Ventura, CA","37100",2023,212,160,45,7,0,0,0,136,80,44,0,0,192,19,1
"Paducah, KY-IL","37140",2023,171,115,50,6,0,0,0,126,80,44,0,3,95,73,0
"Pahrump, NV","37220",2023,181,167,9,5,0,0,0,147,42,17,0,0,0,0,181
"Palatka, FL","37260",2023,181,181,0,0,0,0,0,46,28,16,0,0,0,0,181
"Palm Bay-Melbourne-Titusville, FL","37340",2023,181,144,37,0,0,0,0,84,58,43,0,0,143,38,0
"Panama City, FL","37460",2023,181,132,49,0,0,0,0,78,58,45,0,0,88,93,0
"Parkersburg-Vienna, WV","37620",2023,140,111,26,2,1,0,0,162,67,43,0,0,112,28,0
"Payson, AZ","37740",2023,273,146,115,11,1,0,0,154,88,49,0,0,259,0,14
"Pensacola-Ferry Pass-Brent, FL","37860",2023,181,119,62,0,0,0,0,100,65,45,0,0,93,88,0
"Peoria, IL","37900",2023,248,148,78,21,1,0,0,151,93,47,0,0,177,71,0
"Philadelphia-Camden-Wilmington, PA-NJ-DE-MD","37980",2023,273,140,122,5,4,2,0,290,80,50,0,2,155,116,0
"Phoenix-Mesa-Scottsdale, AZ","38060",2023,274,58,158,53,5,0,0,161,122,71,1,1,191,34,47
"Pierre, SD","38180",2023,179,172,5,0,2,0,0,199,36,13,0,0,0,179,0
"Pittsburgh, PA","38300",2023,243,125,98,16,2,2,0,212,93,50,0,17,62,120,44
"Pittsfield, MA","38340",2023,181,149,28,1,3,0,0,165,57,41,0,0,128,53,0
"Platteville, WI","38420",2023,181,115,61,2,3,0,0,198,71,40,0,0,0,181,0
"Pocatello, ID","38540",2023,181,129,20,1,0,0,31,551,542,44,0,0,85,45,51
"Ponca City, OK","38620",2023,216,158,58,0,0,0,0,95,59,37,0,0,0,216,0
"Ponce, PR","38660",2023,182,101,78,3,0,0,0,116,70,46,22,0,0,2,158
"Port Angeles, WA","38820",2023,181,175,6,0,0,0,0,56,45,37,0,0,151,30,0
"Port St. Lucie, FL","38940",2023,181,163,18,0,0,0,0,74,50,39,0,0,127,54,0
"Portland-South Portland, ME","38860",2023,273,214,59,0,0,0,0,100,64,41,0,7,202,57,7
"Portland-Vancouver-Hillsboro, OR-WA","38900",2023,212,175,36,1,0,0,0,106,56,39,0,4,153,55,0
"Portsmouth, OH","39020",2023,243,184,53,4,2,0,0,166,66,35,0,0,0,197,46
"Prescott, AZ","39140",2023,272,212,60,0,0,0,0,87,64,44,0,0,272,0,0
"Price, UT","39220",2023,271,238,33,0,0,0,0,67,51,44,0,0,264,7,0
"Prineville, OR","39260",2023,181,175,6,0,0,0,0,59,40,21,0,0,0,181,0
"Providence-Warwick, RI-MA","39300",2023,192,155,30,7,0,0,0,137,65,43,1,3,136,52,0
"Provo-Orem, UT","39340",2023,273,163,110,0,0,0,0,97,74,48,0,1,230,41,1
"Pueblo, CO","39380",2023,245,170,74,1,0,0,0,115,71,44,0,0,180,21,44
"Pullman, WA","39420",2023,181,176,5,0,0,0,0,78,28,13,0,0,0,181,0
"Quincy, IL-MO","39500",2023,214,157,45,12,0,0,0,136,84,44,0,0,214,0,0
"Racine, WI","39540",2023,96,56,28,11,1,0,0,151,108,47,0,0,96,0,0
"Raleigh, NC","39580",2023,244,162,77,5,0,0,0,130,66,45,1,2,134,107,0
"Rapid City, SD","39660",2023,181,107,70,3,1,0,0,166,78,49,0,0,121,15,45
"Reading, PA","39740",2023,182,111,62,4,3,2,0,263,77,47,0,0,94,88,0
"Red Bluff, CA","39780",2023,149,125,23,1,0,0,0,101,58,39,0,0,137,12,0
"Red Wing, MN","39860",2023,116,79,32,5,0,0,0,133,97,47,0,0,116,0,0
"Redding, CA","39820",2023,242,203,39,0,0,0,0,80,54,44,0,0,232,10,0
"Reno, NV","39900",2023,182,102,80,0,0,0,0,90,71,49,1,6,148,27,0
"Richmond, VA","40060",2023,274,216,53,2,3,0,0,157,59,39,62,15,94,103,0
"Riverside-San Bernardino-Ontario, CA","40140",2023,243,54,103,59,21,3,3,644,154,80,0,9,176,37,21
"Riverton, WY","40180",2023,181,82,96,3,0,0,0,110,67,51,0,0,142,39,0
"Roanoke Rapids, NC","40260",2023,243,192,50,1,0,0,0,134,57,33,0,0,0,243,0
"Roanoke, VA","40220",2023,274,227,44,2,1,0,0,156,59,35,62,4,84,124,0
"Rochester, MN","40340",2023,181,112,55,13,1,0,0,163,97,45,0,0,97,84,0
"Rochester, NY","40380",2023,273,205,57,6,5,0,0,170,66,41,0,0,141,132,0
"Rock Springs, WY","40540",2023,212,125,78,8,0,1,0,211,87,49,0,0,170,33,9
"Rockford, IL","40420",2023,273,162,91,17,2,1,0,218,93,47,0,0,134,139,0
"Rockland, ME","40500",2023,213,208,5,0,0,0,0,87,45,36,0,0,213,0,0
"Rocky Mount, NC","40580",2023,235,195,40,0,0,0,0,99,59,42,0,0,136,99,0
"Rome, GA","40660",2023,220,163,56,1,0,0,0,110,62,34,0,0,0,220,0
"Rutland, VT","40860",2023,181,155,26,0,0,0,0,94,56,39,2,0,130,49,0
"Sacramento--Roseville--Arden-Arcade, CA","40900",2023,243,144,96,3,0,0,0,112,77,48,0,0,178,64,1
"Salem, OH","41400",2023,41,40,1,0,0,0,0,74,26,11,0,0,0,0,41
"Salem, OR","41420",2023,181,160,19,2,0,0,0,124,52,30,0,0,63,118,0
"Salinas, CA","41500",2023,213,206,7,0,0,0,0,63,46,38,1,0,166,46,0
"Salt Lake City, UT","41620",2023,274,122,136,15,1,0,0,154,90,54,1,25,211,32,5
"San Antonio-New Braunfels, TX","41700",2023,182,101,79,1,0,1,0,279,80,47,1,1,97,83,0
"San Diego-Carlsbad, CA","41740",2023,271,166,90,15,0,0,0,140,84,46,0,0,197,72,2
"San Francisco-Oakland-Hayward, CA","41860",2023,213,144,61,8,0,0,0,104,67,43,2,19,99,93,0
"San Jose-Sunnyvale-Santa Clara, CA","41940",2023,242,191,49,2,0,0,0,112,58,42,0,1,204,35,2
"San Juan-Carolina-Caguas, PR","41980",2023,147,125,21,1,0,0,0,105,55,33,8,5,8,92,34
"San Luis Obispo-Paso Robles-Arroyo Grande, CA","42020",2023,181,145,36,0,0,0,0,97,61,43,0,2,150,22,7
"Sandpoint, ID","41760",2023,179,171,8,0,0,0,0,72,45,23,0,0,0,161,18
"Santa Cruz-Watsonville, CA","42100",2023,212,209,3,0,0,0,0,55,41,33,0,0,147,65,0
"Santa Fe, NM","42140",2023,180,136,44,0,0,0,0,84,67,45,0,0,163,17,0
"Santa Maria-Santa Barbara, CA","42200",2023,182,170,12,0,0,0,0,77,48,40,1,0,143,33,5
"Santa Rosa, CA","42220",2023,213,210,3,0,0,0,0,60,41,33,3,0,167,43,0
"Savannah, GA","42340",2023,228,172,54,2,0,0,0,108,60,41,0,0,84,144,0
"Sayre, PA","42380",2023,112,96,15,1,0,0,0,108,58,42,0,0,112,0,0
"Scottsbluff, NE","42420",2023,258,245,12,0,1,0,0,200,30,13,0,0,0,258,0
"Scranton--Wilkes-Barre--Hazleton, PA","42540",2023,244,197,39,3,4,1,0,268,60,38,1,62,93,75,13
"Seattle-Tacoma-Bellevue, WA","42660",2023,182,148,33,1,0,0,0,112,57,43,1,2,120,59,0
"Sebastian-Vero Beach, FL","42680",2023,211,205,6,0,0,0,0,71,45,35,0,0,211,0,0
"Sebring, FL","42700",2023,179,165,13,1,0,0,0,108,50,38,0,0,179,0,0
"Sevierville, TN","42940",2023,243,186,54,3,0,0,0,115,67,44,0,0,243,0,0
"Sheboygan, WI","43100",2023,96,56,27,12,1,0,0,182,112,49,0,0,96,0,0
"Shelton, WA","43220",2023,179,176,3,0,0,0,0,60,30,15,0,0,0,179,0
"Sheridan, WY","43260",2023,181,143,36,2,0,0,0,118,55,44,0,0,133,47,1
"Show Low, AZ","43320",2023,271,198,73,0,0,0,0,84,67,45,0,0,238,0,33
"Shreveport-Bossier City, LA","43340",2023,270,164,105,1,0,0,0,114,71,47,0,0,121,148,1
"Sierra Vista-Douglas, AZ","43420",2023,273,189,81,3,0,0,0,108,67,45,0,0,219,0,54
"Sioux City, IA-NE-SD","43580",2023,78,54,23,0,1,0,0,164,59,35,0,0,0,78,0
"Sioux Falls, SD","43620",2023,181,113,44,22,2,0,0,173,108,47,0,2,160,19,0
"Somerset, KY","43700",2023,179,137,40,2,0,0,0,120,62,41,0,0,84,95,0
"Somerset, PA","43740",2023,212,181,31,0,0,0,0,93,58,41,0,0,212,0,0
"Sonora, CA","43760",2023,151,144,7,0,0,0,0,80,47,35,0,0,151,0,0
"South Bend-Mishawaka, IN-MI","43780",2023,272,161,98,10,3,0,0,198,79,46,0,29,138,105,0
"Spartanburg, SC","43900",2023,243,149,89,5,0,0,0,136,71,46,0,0,121,122,0
"Spokane-Spokane Valley, WA","44060",2023,181,124,57,0,0,0,0,88,66,45,0,0,72,83,26
"Springfield, IL","44100",2023,273,160,93,17,2,1,0,222,80,47,0,0,140,133,0
"Springfield, MA","44140",2023,181,142,34,3,2,0,0,153,61,43,0,1,116,64,0
"Springfield, MO","44180",2023,150,86,60,4,0,0,0,122,72,49,0,0,64,86,0
"Springfield, OH","44220",2023,243,152,83,5,3,0,0,184,77,46,0,0,111,132,0
"St. Cloud, MN","41060",2023,181,117,53,8,3,0,0,175,93,45,0,0,95,86,0
"St. George, UT","41100",2023,273,201,72,0,0,0,0,90,67,44,0,0,264,9,0
"St. Joseph, MO-KS","41140",2023,150,80,64,6,0,0,0,122,87,50,0,0,79,66,5
"St. Louis, MO-IL","41180",2023,273,96,154,20,3,0,0,185,100,57,0,1,130,134,8
"St. Marys, PA","41260",2023,211,191,20,0,0,0,0,100,50,40,0,0,211,0,0
"State College, PA","44300",2023,234,173,53,3,5,0,0,187,76,44,0,22,158,54,0
"Steamboat Springs, CO","44460",2023,236,231,5,0,0,0,0,58,23,14,0,0,0,0,236
"Stockton-Lodi, CA","44700",2023,138,109,27,2,0,0,0,114,63,38,3,0,90,45,0
"Summerville, GA","44900",2023,152,133,19,0,0,0,0,100,51,39,0,0,152,0,0
"Syracuse, NY","45060",2023,266,226,31,5,3,1,0,233,66,40,0,0,175,91,0
"Tallahassee, FL","45220",2023,181,121,60,0,0,0,0,93,64,43,0,0,80,101,0
"Tampa-St. Petersburg-Clearwater, FL","45300",2023,182,108,70,4,0,0,0,112,74,47,1,0,104,70,7
"Taos, NM","45340",2023,177,176,1,0,0,0,0,53,33,17,0,0,0,177,0
"Terre Haute, IN","45460",2023,243,148,87,6,1,1,0,207,72,45,0,0,152,91,0
"Texarkana, TX-AR","45500",2023,137,99,37,1,0,0,0,107,57,39,0,0,0,137,0
"The Dalles, OR","45520",2023,105,104,1,0,0,0,0,61,28,17,0,0,0,105,0
"Toledo, OH","45780",2023,243,164,64,13,2,0,0,179,87,44,0,0,140,103,0
"Topeka, KS","45820",2023,179,111,62,6,0,0,0,129,72,45,0,0,122,57,0
"Torrington, CT","45860",2023,180,154,20,2,4,0,0,174,61,40,6,0,151,23,0
"Traverse City, MI","45900",2023,119,96,21,1,1,0,0,156,77,41,0,0,119,0,0
"Trenton, NJ","45940",2023,209,149,50,5,4,1,0,220,71,44,0,0,146,63,0
"Truckee-Grass Valley, CA","46020",2023,181,138,39,4,0,0,0,136,67,44,0,0,168,13,0
"Tucson, AZ","46060",2023,273,149,122,2,0,0,0,147,77,48,0,0,138,16,119
"Tulsa, OK","46140",2023,244,125,102,15,2,0,0,197,93,50,1,0,155,81,7
"Tupelo, MS","46180",2023,122,94,26,2,0,0,0,122,64,44,0,0,122,0,0
"Tuscaloosa, AL","46220",2023,181,135,46,0,0,0,0,87,62,41,0,0,66,115,0
"Twin Falls, ID","46300",2023,164,159,5,0,0,0,0,77,30,18,0,0,0,164,0
"Tyler, TX","46340",2023,181,152,27,2,0,0,0,119,61,39,0,3,178,0,0
"Ukiah, CA","46380",2023,90,47,43,0,0,0,0,87,72,49,0,0,21,69,0
"Urban Honolulu, HI","46520",2023,182,179,2,1,0,0,0,117,41,31,1,0,136,45,0
"Utica-Rome, NY","46540",2023,259,230,23,3,3,0,0,180,54,25,0,0,0,259,0
"Valdosta, GA","46660",2023,241,172,67,2,0,0,0,105,62,38,0,0,0,241,0
"Vallejo-Fairfield, CA","46700",2023,218,200,18,0,0,0,0,97,49,38,1,0,167,45,5
"Vermillion, SD","46820",2023,181,125,45,10,1,0,0,167,90,43,0,0,133,48,0
"Vernal, UT","46860",2023,273,129,107,16,18,3,0,215,129,51,0,0,264,9,0
"Victoria, TX","47020",2023,205,201,4,0,0,0,0,71,44,31,0,0,205,0,0
"Vincennes, IN","47180",2023,212,165,39,8,0,0,0,126,67,43,0,0,212,0,0
"Vineland-Bridgeton, NJ","47220",2023,181,146,30,3,2,0,0,188,58,41,0,2,134,45,0
"Vineyard Haven, MA","47240",2023,179,166,11,2,0,0,0,133,49,40,0,0,179,0,0
"Virginia Beach-Norfolk-Newport News, VA-NC","47260",2023,274,224,47,2,1,0,0,168,58,38,63,5,84,120,2
"Visalia-Porterville, CA","47300",2023,243,115,89,35,4,0,0,156,115,52,0,0,198,44,1
"Wabash, IN","47340",2023,211,167,41,3,0,0,0,126,67,41,0,0,211,0,0
"Waco, TX","47380",2023,182,106,75,1,0,0,0,114,71,45,1,0,89,92,0
"Walla Walla, WA","47460",2023,212,196,15,1,0,0,0,119,49,40,0,0,177,24,11
"Warner Robins, GA","47580",2023,243,158,84,0,1,0,0,152,63,40,0,0,0,243,0
"Washington-Arlington-Alexandria, DC-VA-MD-WV","47900",2023,274,163,93,14,4,0,0,198,84,48,1,11,197,65,0
"Waterloo-Cedar Falls, IA","47940",2023,273,158,99,12,4,0,0,177,84,47,0,0,119,154,0
"Watertown, SD","47980",2023,179,120,49,9,1,0,0,160,87,44,0,0,138,34,7
"Watertown-Fort Atkinson, WI","48020",2023,96,52,30,14,0,0,0,140,105,49,0,0,96,0,0
"Watertown-Fort Drum, NY","48060",2023,241,224,16,1,0,0,0,101,47,36,0,0,241,0,0
"Wausau, WI","48140",2023,96,59,28,8,1,0,0,166,100,46,0,0,96,0,0
"Weirton-Steubenville, WV-OH","48260",2023,243,124,113,4,1,1,0,204,77,50,0,0,125,118,0
"Wenatchee, WA","48300",2023,181,175,6,0,0,0,0,75,35,22,0,0,0,181,0
"Wheeling, WV-OH","48540",2023,243,150,89,2,2,0,0,194,74,45,0,1,69,170,3
"Whitewater-Elkhorn, WI","48580",2023,96,51,29,16,0,0,0,143,122,49,0,0,96,0,0
"Wichita, KS","48620",2023,181,96,83,2,0,0,0,126,71,49,0,0,109,71,1
"Williamsport, PA","48700",2023,111,86,22,3,0,0,0,119,74,44,0,0,111,0,0
"Wilmington, NC","48900",2023,239,199,39,1,0,0,0,136,58,40,0,0,142,97,0
"Wilmington, OH","48940",2023,182,140,38,4,0,0,0,129,74,44,0,0,182,0,0
"Winchester, VA-WV","49020",2023,210,161,43,3,3,0,0,176,64,42,0,0,86,124,0
"Winston-Salem, NC","49180",2023,212,117,88,6,1,0,0,153,74,48,0,2,94,116,0
"Worcester, MA-CT","49340",2023,212,178,31,3,0,0,0,148,54,40,0,3,172,37,0
"Yakima, WA","49420",2023,181,137,44,0,0,0,0,87,64,32,0,0,0,175,6
"York-Hanover, PA","49620",2023,242,178,56,4,3,1,0,231,68,42,0,65,95,82,0
"Youngstown-Warren-Boardman, OH-PA","49660",2023,243,134,101,5,2,1,0,202,82,47,0,0,138,105,0
"Yuba City, CA","49700",2023,149,118,31,0,0,0,0,87,60,40,0,0,118,31,0
"Yuma, AZ","49740",2023,273,159,104,6,3,0,1,517,80,47,0,0,200,8,65
