"CBSA","CBSA Code","Year","Days with AQI","Good Days","Moderate Days","Unhealthy for Sensitive Groups Days","Unhealthy Days","Very Unhealthy Days","Hazardous Days","Max AQI","90th Percentile AQI","Median AQI","Days CO","Days NO2","Days Ozone","Days PM2.5","Days PM10"
"Aberdeen, SD","10100",2005,122,100,22,0,0,0,0,81,61,33,0,0,0,119,3
"Aberdeen, WA","10140",2005,365,348,17,0,0,0,0,61,40,22,0,0,0,365,0
"Adjuntas, PR","10260",2005,107,100,7,0,0,0,0,65,49,20,0,0,0,107,0
"Adrian, MI","10300",2005,182,104,54,22,2,0,0,179,105,47,0,0,182,0,0
"Akron, OH","10420",2005,365,205,119,32,8,1,0,202,101,46,85,0,173,107,0
"Albany, GA","10500",2005,116,53,62,1,0,0,0,107,75,52,0,0,0,111,5
"Albany, OR","10540",2005,362,298,60,3,1,0,0,152,63,22,0,0,0,362,0
"Albany-Schenectady-Troy, NY","10580",2005,365,258,87,17,3,0,0,187,80,43,2,0,307,56,0
"Albuquerque, NM","10740",2005,365,108,231,24,2,0,0,169,95,61,0,2,186,27,150
"Alexandria, LA","10780",2005,262,184,74,4,0,0,0,119,74,43,0,0,186,76,0
"Allentown-Bethlehem-Easton, PA-NJ","10900",2005,365,151,181,27,6,0,0,166,98,55,0,16,106,213,30
"Altoona, PA","11020",2005,365,299,54,12,0,0,0,150,72,36,1,156,201,0,7
"Amarillo, TX","11100",2005,363,335,28,0,0,0,0,72,46,25,0,0,0,363,0
"Americus, GA","11140",2005,244,175,65,4,0,0,0,140,80,42,0,0,244,0,0
"Ames, IA","11180",2005,214,189,24,1,0,0,0,105,51,37,0,0,214,0,0
"Anchorage, AK","11260",2005,303,252,48,2,1,0,0,151,57,23,108,0,0,93,102
"Ann Arbor, MI","11460",2005,361,235,103,19,4,0,0,200,93,43,0,0,291,70,0
"Appleton, WI","11540",2005,245,155,74,16,0,0,0,143,87,42,0,0,169,76,0
"Ardmore, OK","11620",2005,255,164,73,15,3,0,0,161,87,45,0,0,221,34,0
"Arkadelphia, AR","11660",2005,344,258,78,8,0,0,0,119,77,40,0,0,344,0,0
"Asheville, NC","11700",2005,362,143,186,32,1,0,0,154,97,55,0,0,154,208,0
"Ashtabula, OH","11780",2005,213,135,49,22,7,0,0,197,112,45,0,0,213,0,0
"Athens, OH","11900",2005,61,31,26,3,1,0,0,194,90,50,0,0,0,61,0
"Athens, TN","11940",2005,355,285,69,1,0,0,0,102,61,25,0,239,0,102,14
"Athens-Clarke County, GA","12020",2005,364,146,201,15,2,0,0,161,90,54,0,0,106,258,0
"Atlanta-Sandy Springs-Roswell, GA","12060",2005,365,77,220,51,15,2,0,209,129,65,0,13,127,225,0
"Atlantic City-Hammonton, NJ","12100",2005,352,255,77,18,2,0,0,161,77,40,0,0,279,71,2
"Augusta-Richmond County, GA-SC","12260",2005,365,130,204,29,2,0,0,156,97,57,0,0,117,247,1
"Augusta-Waterville, ME","12300",2005,213,190,20,3,0,0,0,143,51,33,0,0,183,0,30
"Austin-Round Rock, TX","12420",2005,365,215,132,15,3,0,0,156,90,46,0,6,198,161,0
"Bakersfield, CA","12540",2005,365,47,149,90,72,7,0,208,167,93,0,5,208,150,2
"Baltimore-Columbia-Towson, MD","12580",2005,365,76,231,38,16,4,0,208,119,64,0,15,101,249,0
"Bangor, ME","12620",2005,364,328,34,2,0,0,0,108,50,33,0,0,329,33,2
"Baraboo, WI","12660",2005,365,267,87,11,0,0,0,147,75,41,0,0,305,60,0
"Barnstable Town, MA","12700",2005,233,169,46,11,7,0,0,174,87,42,0,2,175,56,0
"Baton Rouge, LA","12940",2005,365,93,198,54,19,1,0,201,133,61,0,10,178,175,2
"Bay City, MI","13020",2005,117,70,42,5,0,0,0,124,77,40,0,0,0,117,0
"Beaumont-Port Arthur, TX","13140",2005,353,120,182,46,4,1,0,204,112,57,0,3,150,200,0
"Beaver Dam, WI","13180",2005,365,210,132,21,2,0,0,158,89,46,0,0,212,152,1
"Beckley, WV","13220",2005,117,61,56,0,0,0,0,94,81,46,0,0,0,117,0
"Bellingham, WA","13380",2005,365,328,37,0,0,0,0,80,51,28,0,0,95,270,0
"Bend-Redmond, OR","13460",2005,365,327,38,0,0,0,0,90,52,20,7,0,0,349,9
"Bennington, VT","13540",2005,340,283,48,9,0,0,0,136,58,40,0,0,286,54,0
"Berlin, NH-VT","13620",2005,244,152,78,14,0,0,0,140,81,46,0,0,155,89,0
"Billings, MT","13740",2005,365,342,23,0,0,0,0,91,48,30,108,2,187,60,8
"Birmingham-Hoover, AL","13820",2005,365,28,270,57,10,0,0,179,120,75,39,0,52,243,31
"Bishop, CA","13860",2005,365,170,125,46,9,3,12,3884,133,51,0,0,301,3,61
"Bismarck, ND","13900",2005,365,345,20,0,0,0,0,73,47,33,0,14,316,33,2
"Blackfoot, ID","13940",2005,26,24,2,0,0,0,0,62,47,19,0,0,0,0,26
"Blacksburg-Christiansburg-Radford, VA","13980",2005,359,261,85,13,0,0,0,150,84,43,0,0,359,0,0
"Bloomington, IL","14010",2005,364,263,86,15,0,0,0,140,84,39,0,0,332,32,0
"Bloomington, IN","14020",2005,183,90,70,23,0,0,0,147,108,51,0,0,183,0,0
"Bluefield, WV-VA","14140",2005,86,43,43,0,0,0,0,96,82,51,0,0,0,86,0
"Blytheville, AR","14180",2005,111,49,57,5,0,0,0,112,82,53,0,0,0,111,0
"Boise City, ID","14260",2005,365,181,168,15,1,0,0,151,84,51,7,0,138,208,12
"Boone, NC","14380",2005,118,65,51,1,1,0,0,158,78,46,0,0,0,118,0
"Boston-Cambridge-Newton, MA-NH","14460",2005,365,126,205,26,8,0,0,195,97,57,0,25,97,243,0
"Boulder, CO","14500",2005,365,257,100,8,0,0,0,147,74,44,17,0,311,37,0
"Bowling Green, KY","14540",2005,365,219,122,24,0,0,0,140,93,46,0,23,256,84,2
"Bozeman, MT","14580",2005,365,344,18,3,0,0,0,124,39,15,55,0,0,296,14
"Brainerd, MN","14660",2005,331,253,73,4,1,0,0,152,64,38,0,0,117,214,0
"Branson, MO","14700",2005,119,81,38,0,0,0,0,95,67,34,0,0,0,119,0
"Breckenridge, CO","14720",2005,268,248,19,1,0,0,0,108,46,14,0,0,0,0,268
"Bridgeport-Stamford-Norwalk, CT","14860",2005,365,245,84,20,12,4,0,205,99,43,16,120,157,72,0
"Brookings, SD","15100",2005,136,109,27,0,0,0,0,83,60,29,0,0,0,106,30
"Brownsville-Harlingen, TX","15180",2005,361,221,136,4,0,0,0,133,70,45,1,0,97,261,2
"Brunswick, GA","15260",2005,281,206,74,1,0,0,0,127,63,41,0,0,185,96,0
"Bucyrus, OH","15340",2005,342,266,53,23,0,0,0,147,80,36,0,0,342,0,0
"Buffalo-Cheektowaga-Niagara Falls, NY","15380",2005,365,218,109,33,5,0,0,195,101,45,0,101,192,72,0
"Burlington, NC","15500",2005,118,52,65,1,0,0,0,110,79,54,0,0,0,118,0
"Burlington-South Burlington, VT","15540",2005,365,298,62,5,0,0,0,143,60,39,1,32,265,67,0
"Butte-Silver Bow, MT","15580",2005,365,321,41,3,0,0,0,137,53,20,105,0,0,103,157
"Cadillac, MI","15620",2005,361,281,68,11,1,0,0,151,80,39,0,0,320,41,0
"Cambridge, MD","15700",2005,356,269,60,23,4,0,0,164,87,39,0,0,356,0,0
"Canton-Massillon, OH","15940",2005,361,213,114,30,3,1,0,201,97,45,100,0,168,93,0
"Cape Coral-Fort Myers, FL","15980",2005,364,304,56,4,0,0,0,140,58,38,0,0,319,39,6
"Carbondale-Marion, IL","16060",2005,57,56,1,0,0,0,0,51,33,22,0,0,0,0,57
"Carlsbad-Artesia, NM","16100",2005,365,285,77,3,0,0,0,112,61,42,0,4,330,31,0
"Carson City, NV","16180",2005,365,342,23,0,0,0,0,87,49,36,152,0,213,0,0
"Casper, WY","16220",2005,91,91,0,0,0,0,0,41,26,14,0,0,0,0,91
"Ca¤on City, CO","15860",2005,54,54,0,0,0,0,0,31,27,17,0,0,0,0,54
"Cedar Rapids, IA","16300",2005,365,209,143,13,0,0,0,133,80,46,6,0,144,214,1
"Centralia, WA","16500",2005,190,186,4,0,0,0,0,61,43,30,0,0,103,87,0
"Chambersburg-Waynesboro, PA","16540",2005,204,139,57,8,0,0,0,119,87,45,0,0,204,0,0
"Champaign-Urbana, IL","16580",2005,365,241,102,22,0,0,0,143,87,43,0,0,290,75,0
"Charleston, WV","16620",2005,364,212,130,20,2,0,0,154,87,45,0,0,141,113,110
"Charleston-North Charleston, SC","16700",2005,365,169,180,16,0,0,0,140,81,52,0,2,109,253,1
"Charlotte-Concord-Gastonia, NC-SC","16740",2005,365,97,200,54,13,1,0,206,122,63,0,8,150,207,0
"Charlottesville, VA","16820",2005,59,59,0,0,0,0,0,36,32,19,0,0,0,0,59
"Chattanooga, TN-GA","16860",2005,288,126,134,26,2,0,0,185,100,54,0,0,190,97,1
"Cheyenne, WY","16940",2005,111,111,0,0,0,0,0,43,30,17,0,0,0,88,23
"Chicago-Naperville-Elgin, IL-IN-WI","16980",2005,365,51,240,49,23,2,0,208,126,71,0,71,93,189,12
"Chico, CA","17020",2005,365,213,113,38,1,0,0,159,105,47,0,2,295,68,0
"Cincinnati, OH-KY-IN","17140",2005,365,165,136,45,16,3,0,208,129,54,0,100,170,93,2
"Claremont-Lebanon, NH-VT","17200",2005,362,319,39,4,0,0,0,133,54,36,0,0,329,33,0
"Clarksburg, WV","17220",2005,119,46,72,1,0,0,0,113,81,53,0,0,0,119,0
"Clarksville, TN-KY","17300",2005,361,203,126,31,1,0,0,153,100,48,0,3,288,70,0
"Clearlake, CA","17340",2005,361,352,9,0,0,0,0,87,46,35,0,0,355,6,0
"Cleveland, MS","17380",2005,363,184,163,16,0,0,0,135,86,50,0,0,122,241,0
"Cleveland, TN","17420",2005,356,352,4,0,0,0,0,64,33,23,0,324,0,0,32
"Cleveland-Elyria, OH","17460",2005,365,157,142,49,16,1,0,214,122,57,2,65,149,103,46
"Clinton, IA","17540",2005,323,215,89,18,1,0,0,154,80,41,0,0,184,78,61
"Coeur d'Alene, ID","17660",2005,365,236,128,1,0,0,0,105,67,44,0,3,125,231,6
"Coffeyville, KS","17700",2005,365,358,7,0,0,0,0,52,31,13,0,0,0,0,365
"Colorado Springs, CO","17820",2005,365,256,95,13,1,0,0,151,77,44,3,0,330,25,7
"Columbia, MO","17860",2005,112,61,49,2,0,0,0,105,72,48,0,0,0,112,0
"Columbia, SC","17900",2005,365,123,218,20,4,0,0,177,94,57,0,1,125,193,46
"Columbus, GA-AL","17980",2005,365,150,200,14,1,0,0,156,88,55,0,0,93,271,1
"Columbus, MS","18060",2005,99,54,43,2,0,0,0,117,78,49,0,0,0,99,0
"Columbus, OH","18140",2005,365,199,116,43,6,1,0,201,112,47,13,0,178,78,96
"Concord, NH","18180",2005,241,179,56,6,0,0,0,126,70,41,0,0,155,86,0
"Cookeville, TN","18260",2005,121,58,58,4,1,0,0,152,79,52,0,0,0,121,0
"Corning, NY","18500",2005,340,235,103,2,0,0,0,123,69,33,0,0,0,340,0
"Corpus Christi, TX","18580",2005,365,233,130,2,0,0,0,113,70,45,0,0,126,237,2
"Corvallis, OR","18700",2005,362,324,37,1,0,0,0,104,52,15,0,0,0,362,0
"Crescent City, CA","18860",2005,131,131,0,0,0,0,0,43,23,13,0,0,0,117,14
"Cullowhee, NC","19000",2005,126,67,56,3,0,0,0,108,74,49,0,0,26,100,0
"Dallas-Fort Worth-Arlington, TX","19100",2005,365,118,162,45,36,4,0,213,154,59,0,21,187,156,1
"Dalton, GA","19140",2005,277,179,79,18,1,0,0,151,93,45,0,0,207,70,0
"Daphne-Fairhope-Foley, AL","19300",2005,254,158,86,10,0,0,0,147,80,46,0,0,171,83,0
"Davenport-Moline-Rock Island, IA-IL","19340",2005,365,123,213,29,0,0,0,140,93,58,0,0,115,157,93
"Dayton, OH","19380",2005,365,200,125,38,2,0,0,174,101,47,97,0,180,88,0
"DeRidder, LA","19760",2005,364,299,59,6,0,0,0,122,64,40,0,0,364,0,0
"Decatur, AL","19460",2005,285,154,111,20,0,0,0,136,97,49,0,0,201,84,0
"Decatur, IL","19500",2005,365,256,90,19,0,0,0,136,87,38,0,0,324,41,0
"Deltona-Daytona Beach-Ormond Beach, FL","19660",2005,365,299,63,3,0,0,0,133,59,38,0,0,291,58,16
"Deming, NM","19700",2005,60,59,1,0,0,0,0,61,33,19,0,0,0,0,60
"Denver-Aurora-Lakewood, CO","19740",2005,365,111,213,39,2,0,0,164,103,58,0,109,159,66,31
"Des Moines-West Des Moines, IA","19780",2005,365,220,132,13,0,0,0,134,80,46,1,39,145,173,7
"Detroit-Warren-Dearborn, MI","19820",2005,365,117,200,31,16,1,0,202,116,60,0,23,103,226,13
"Dickinson, ND","19860",2005,352,335,17,0,0,0,0,74,48,36,0,0,338,14,0
"Dodge City, KS","19980",2005,61,60,1,0,0,0,0,51,27,15,0,0,0,0,61
"Dothan, AL","20020",2005,265,186,77,2,0,0,0,124,71,44,0,0,170,95,0
"Douglas, GA","20060",2005,59,34,25,0,0,0,0,96,70,41,0,0,0,59,0
"Dover, DE","20100",2005,265,150,93,20,2,0,0,154,97,47,0,0,192,73,0
"DuBois, PA","20180",2005,208,115,66,23,4,0,0,161,108,48,0,0,208,0,0
"Duluth, MN-WI","20260",2005,365,260,99,6,0,0,0,133,69,41,0,0,189,174,2
"Durango, CO","20420",2005,365,222,138,5,0,0,0,140,77,47,0,8,349,0,8
"Durham-Chapel Hill, NC","20500",2005,348,144,176,28,0,0,0,150,100,53,0,0,122,226,0
"Dyersburg, TN","20540",2005,111,50,59,2,0,0,0,131,76,52,0,0,0,111,0
"Eagle Pass, TX","20580",2005,129,97,32,0,0,0,0,84,57,35,0,0,0,129,0
"Eau Claire, WI","20740",2005,41,41,0,0,0,0,0,47,27,12,0,0,0,0,41
"Effingham, IL","20820",2005,215,141,67,7,0,0,0,119,84,44,0,0,215,0,0
"El Centro, CA","20940",2005,365,126,170,59,10,0,0,187,119,61,10,58,255,35,7
"El Dorado, AR","20980",2005,108,42,63,3,0,0,0,115,80,55,0,0,0,108,0
"El Paso, TX","21340",2005,365,90,233,37,5,0,0,185,104,62,1,16,137,153,58
"Elizabethtown-Fort Knox, KY","21060",2005,285,153,106,26,0,0,0,143,97,49,0,0,198,84,3
"Elkhart-Goshen, IN","21140",2005,241,100,115,21,5,0,0,172,101,56,0,0,163,78,0
"Elko, NV","21220",2005,260,253,7,0,0,0,0,67,35,18,0,0,0,54,206
"Ellensburg, WA","21260",2005,355,301,54,0,0,0,0,91,56,29,0,0,0,355,0
"Elmira, NY","21300",2005,339,302,34,3,0,0,0,119,54,33,0,0,339,0,0
"Emporia, KS","21380",2005,116,87,29,0,0,0,0,96,62,31,0,0,0,116,0
"Enid, OK","21420",2005,62,42,20,0,0,0,0,86,61,38,0,0,0,62,0
"Erie, PA","21500",2005,365,178,154,27,6,0,0,195,97,51,3,32,127,203,0
"Espa¤ola, NM","21580",2005,105,104,1,0,0,0,0,52,20,9,0,0,0,105,0
"Eufaula, AL-GA","21640",2005,59,35,23,1,0,0,0,119,68,47,0,0,0,59,0
"Eugene, OR","21660",2005,365,215,113,28,9,0,0,160,101,44,0,0,127,237,1
"Eureka-Arcata-Fortuna, CA","21700",2005,37,29,8,0,0,0,0,92,66,24,0,0,0,34,3
"Evansville, IN-KY","21780",2005,365,122,198,43,2,0,0,177,108,57,0,2,104,259,0
"Fairbanks, AK","21820",2005,225,188,34,2,1,0,0,153,69,23,134,0,0,91,0
"Fairmont, WV","21900",2005,118,39,77,2,0,0,0,122,82,56,0,0,0,118,0
"Fallon, NV","21980",2005,213,207,6,0,0,0,0,74,48,41,0,0,213,0,0
"Fargo, ND-MN","22020",2005,362,321,40,0,1,0,0,154,51,34,0,20,275,48,19
"Farmington, NM","22140",2005,365,264,93,8,0,0,0,136,71,44,0,43,309,13,0
"Fayetteville, NC","22180",2005,365,240,91,26,8,0,0,182,100,44,104,0,180,81,0
"Findlay, OH","22300",2005,61,61,0,0,0,0,0,42,32,23,0,0,0,0,61
"Flagstaff, AZ","22380",2005,358,241,107,9,1,0,0,159,79,47,0,0,350,8,0
"Flint, MI","22420",2005,237,140,72,25,0,0,0,150,102,45,0,0,160,76,1
"Florence, SC","22500",2005,319,209,90,19,1,0,0,151,84,44,0,0,247,72,0
"Florence-Muscle Shoals, AL","22520",2005,278,173,95,10,0,0,0,126,80,46,0,0,193,85,0
"Fond du Lac, WI","22540",2005,186,124,45,16,1,0,0,156,100,44,0,0,186,0,0
"Fort Collins, CO","22660",2005,365,236,117,11,1,0,0,151,80,48,0,0,352,13,0
"Fort Madison-Keokuk, IA-IL-MO","22800",2005,120,118,2,0,0,0,0,52,33,19,0,0,0,0,120
"Fort Payne, AL","22840",2005,358,248,102,8,0,0,0,140,74,43,0,0,275,83,0
"Fort Smith, AR-OK","22900",2005,116,48,65,3,0,0,0,115,74,55,0,0,0,116,0
"Fort Wayne, IN","23060",2005,365,165,163,32,5,0,0,164,101,53,6,0,109,249,1
"Frankfort, KY","23180",2005,118,62,52,4,0,0,0,134,79,49,0,0,0,118,0
"Fresno, CA","23420",2005,365,105,145,70,43,2,0,206,154,72,0,20,214,130,1
"Gadsden, AL","23460",2005,280,157,115,8,0,0,0,120,80,47,0,0,186,89,5
"Gaffney, SC","23500",2005,359,279,64,16,0,0,0,140,80,39,0,0,359,0,0
"Gainesville, FL","23540",2005,365,267,89,9,0,0,0,126,74,40,0,0,307,56,2
"Gainesville, GA","23580",2005,112,51,59,2,0,0,0,107,73,52,0,0,0,112,0
"Gardnerville Ranchos, NV","23820",2005,307,307,0,0,0,0,0,43,25,15,307,0,0,0,0
"Georgetown, SC","23860",2005,329,226,100,3,0,0,0,117,67,38,0,0,0,76,253
"Gettysburg, PA","23900",2005,364,168,169,26,1,0,0,161,93,53,0,0,174,190,0
"Gillette, WY","23940",2005,365,221,132,12,0,0,0,131,74,46,0,28,177,11,149
"Glenwood Springs, CO","24060",2005,357,348,9,0,0,0,0,69,34,18,0,0,0,1,356
"Goldsboro, NC","24140",2005,114,60,53,1,0,0,0,110,74,50,0,0,0,112,2
"Grand Island, NE","24260",2005,113,91,22,0,0,0,0,75,58,28,0,0,0,113,0
"Grand Junction, CO","24300",2005,365,322,42,1,0,0,0,122,52,29,7,0,0,91,267
"Grand Rapids-Wyoming, MI","24340",2005,365,181,146,30,8,0,0,182,105,51,0,36,132,197,0
"Grants Pass, OR","24420",2005,365,274,89,1,1,0,0,160,62,29,6,0,0,359,0
"Great Falls, MT","24500",2005,365,357,8,0,0,0,0,67,31,9,258,0,0,103,4
"Greeley, CO","24540",2005,365,244,102,19,0,0,0,147,84,44,29,0,300,36,0
"Green Bay, WI","24580",2005,252,148,79,20,5,0,0,192,100,44,0,0,173,79,0
"Greensboro-High Point, NC","24660",2005,365,147,193,23,2,0,0,172,96,55,8,0,126,231,0
"Greenville, NC","24780",2005,259,158,86,14,1,0,0,156,84,46,0,0,176,83,0
"Greenville-Anderson-Mauldin, SC","24860",2005,365,109,221,33,2,0,0,159,99,61,0,9,111,244,1
"Greenwood, SC","24940",2005,264,142,106,15,1,0,0,154,93,49,0,0,177,87,0
"Grenada, MS","24980",2005,49,22,27,0,0,0,0,95,75,52,0,0,0,49,0
"Guayama, PR","25020",2005,119,107,12,0,0,0,0,74,54,23,0,0,0,65,54
"Gulfport-Biloxi-Pascagoula, MS","25060",2005,361,125,198,35,3,0,0,156,101,58,0,4,132,225,0
"Hagerstown-Martinsburg, MD-WV","25180",2005,267,118,123,24,2,0,0,164,100,54,0,0,173,94,0
"Hammond, LA","25220",2005,116,56,58,2,0,0,0,119,78,52,0,0,0,116,0
"Hanford-Corcoran, CA","25260",2005,364,201,115,41,7,0,0,182,105,48,0,64,246,49,5
"Harrisburg-Carlisle, PA","25420",2005,365,131,195,34,5,0,0,174,105,61,0,19,110,236,0
"Harrison, AR","25460",2005,364,277,82,5,0,0,0,115,68,41,0,0,317,47,0
"Harrisonburg, VA","25500",2005,365,364,1,0,0,0,0,51,39,27,0,354,0,0,11
"Hartford-West Hartford-East Hartford, CT","25540",2005,365,220,119,16,8,2,0,205,93,45,15,51,169,130,0
"Hattiesburg, MS","25620",2005,109,42,63,3,1,0,0,155,80,53,0,0,0,109,0
"Helena, MT","25740",2005,358,337,18,3,0,0,0,113,40,17,0,0,0,93,265
"Helena-West Helena, AR","25760",2005,108,53,53,2,0,0,0,119,81,51,0,0,0,108,0
"Hermiston-Pendleton, OR","25840",2005,362,286,72,4,0,0,0,138,71,21,0,0,0,344,18
"Hickory-Lenoir-Morganton, NC","25860",2005,268,124,128,16,0,0,0,143,93,53,0,0,168,99,1
"Hilo, HI","25900",2005,113,105,8,0,0,0,0,86,46,6,0,0,0,113,0
"Hilton Head Island-Bluffton-Beaufort, SC","25940",2005,90,48,40,2,0,0,0,117,68,47,0,0,0,90,0
"Hobbs, NM","26020",2005,365,281,76,8,0,0,0,143,67,43,0,25,293,47,0
"Holland, MI","26090",2005,362,191,129,32,8,2,0,208,108,49,0,0,152,210,0
"Homosassa Springs, FL","26140",2005,121,96,24,1,0,0,0,103,56,33,0,0,0,121,0
"Hot Springs, AR","26300",2005,115,55,59,1,0,0,0,111,76,52,0,0,0,115,0
"Houghton, MI","26340",2005,119,107,12,0,0,0,0,70,52,11,0,0,0,119,0
"Houma-Thibodaux, LA","26380",2005,362,193,145,23,1,0,0,154,93,49,0,0,175,187,0
"Houston-The Woodlands-Sugar Land, TX","26420",2005,363,51,211,57,37,7,0,219,156,67,0,19,156,169,19
"Huntington, IN","26540",2005,171,95,60,16,0,0,0,140,97,48,0,0,171,0,0
"Huntington-Ashland, WV-KY-OH","26580",2005,365,187,147,29,2,0,0,173,97,50,0,110,157,97,1
"Huntsville, AL","26620",2005,364,228,115,21,0,0,0,133,88,44,0,0,280,81,3
"Idaho Falls, ID","26820",2005,330,326,4,0,0,0,0,78,29,20,0,0,0,330,0
"Indiana, PA","26860",2005,364,273,61,26,4,0,0,172,93,33,0,151,213,0,0
"Indianapolis-Carmel-Anderson, IN","26900",2005,365,80,227,51,7,0,0,182,117,63,0,14,108,243,0
"Iowa City, IA","26980",2005,122,68,49,5,0,0,0,131,74,46,0,0,0,122,0
"Iron Mountain, MI-WI","27020",2005,195,156,36,3,0,0,0,133,74,38,0,0,174,21,0
"Ithaca, NY","27060",2005,363,285,66,10,2,0,0,151,77,40,0,0,332,31,0
"Jackson, MS","27140",2005,365,148,206,10,1,0,0,168,79,54,0,0,83,282,0
"Jackson, TN","27180",2005,104,79,25,0,0,0,0,78,58,34,0,0,0,73,31
"Jackson, WY-ID","27220",2005,364,313,50,1,0,0,0,106,54,44,10,0,332,19,3
"Jacksonville, FL","27260",2005,365,155,192,15,3,0,0,175,87,53,0,2,124,232,7
"Jacksonville, NC","27340",2005,120,76,43,1,0,0,0,117,68,42,0,0,0,118,2
"Jamestown-Dunkirk-Fredonia, NY","27460",2005,365,257,78,24,6,0,0,179,97,40,0,0,317,48,0
"Janesville-Beloit, WI","27500",2005,185,119,52,14,0,0,0,150,97,44,0,0,185,0,0
"Jasper, IN","27540",2005,120,32,82,5,1,0,0,151,88,58,0,0,0,120,0
"Johnstown, PA","27780",2005,365,244,106,14,1,0,0,151,80,40,0,110,147,98,10
"Joplin, MO","27900",2005,359,301,57,1,0,0,0,102,59,26,0,0,0,0,359
"Juneau, AK","27940",2005,115,99,14,2,0,0,0,125,57,20,0,0,0,110,5
"Kahului-Wailuku-Lahaina, HI","27980",2005,345,330,14,1,0,0,0,101,38,19,0,0,0,39,306
"Kalamazoo-Portage, MI","28020",2005,239,122,98,18,1,0,0,156,97,50,0,0,157,82,0
"Kalispell, MT","28060",2005,365,302,62,1,0,0,0,105,58,38,23,0,201,59,82
"Kansas City, MO-KS","28140",2005,365,125,188,36,15,1,0,210,115,58,1,33,166,162,3
"Kapaa, HI","28180",2005,220,220,0,0,0,0,0,28,22,13,0,0,0,0,220
"Keene, NH","28300",2005,212,170,38,4,0,0,0,143,71,40,0,0,171,41,0
"Kennewick-Richland, WA","28420",2005,365,302,60,1,1,0,1,486,56,31,0,0,0,308,57
"Kingsport-Bristol-Bristol, TN-VA","28700",2005,365,206,128,30,1,0,0,156,93,46,19,80,179,87,0
"Kingston, NY","28740",2005,355,302,42,11,0,0,0,147,58,40,0,0,355,0,0
"Kingsville, TX","28780",2005,346,257,87,2,0,0,0,114,60,39,0,0,0,346,0
"Kinston, NC","28820",2005,255,149,87,17,2,0,0,167,90,47,0,0,173,82,0
"Klamath Falls, OR","28900",2005,362,257,83,22,0,0,0,149,80,32,0,0,0,362,0
"Knoxville, TN","28940",2005,365,89,207,59,10,0,0,166,126,64,0,0,177,164,24
"Kokomo, IN","29020",2005,111,43,65,3,0,0,0,121,86,54,0,0,0,111,0
"La Crosse-Onalaska, WI-MN","29100",2005,7,2,5,0,0,0,0,94,94,64,0,0,0,7,0
"La Grande, OR","29260",2005,365,292,68,4,1,0,0,151,66,26,0,0,0,355,10
"Laconia, NH","29060",2005,213,178,29,6,0,0,0,129,64,37,0,0,175,38,0
"Lafayette, LA","29180",2005,308,192,98,16,2,0,0,159,93,44,0,0,239,69,0
"Lafayette-West Lafayette, IN","29200",2005,305,136,149,19,1,0,0,154,91,54,0,0,97,208,0
"Lake Charles, LA","29340",2005,348,163,160,22,3,0,0,164,91,52,0,4,155,189,0
"Lake City, FL","29380",2005,363,296,60,7,0,0,0,126,67,36,0,0,363,0,0
"Lake Havasu City-Kingman, AZ","29420",2005,120,113,7,0,0,0,0,68,44,19,0,0,0,87,33
"Lakeland-Winter Haven, FL","29460",2005,365,279,76,10,0,0,0,150,71,39,0,0,296,61,8
"Lancaster, PA","29540",2005,365,215,106,40,4,0,0,177,108,44,0,108,165,87,5
"Lansing-East Lansing, MI","29620",2005,243,129,87,26,1,0,0,174,105,48,0,0,161,82,0
"Laramie, WY","29660",2005,359,268,91,0,0,0,0,100,61,46,0,0,355,0,4
"Laredo, TX","29700",2005,365,244,118,3,0,0,0,104,64,44,3,0,119,216,27
"Las Cruces, NM","29740",2005,365,140,195,29,0,0,1,874,97,55,0,8,207,33,117
"Las Vegas-Henderson-Paradise, NV","29820",2005,365,104,197,55,9,0,0,200,115,62,0,19,221,96,29
"Laurel, MS","29860",2005,115,38,74,3,0,0,0,129,79,55,0,0,0,115,0
"Lawrence, KS","29940",2005,359,285,64,9,1,0,0,156,74,37,0,0,359,0,0
"Lawrenceburg, TN","29980",2005,118,67,48,3,0,0,0,109,73,45,0,0,0,118,0
"Lawton, OK","30020",2005,365,277,69,19,0,0,0,150,87,39,0,0,344,21,0
"Lewiston, ID-WA","30300",2005,336,320,16,0,0,0,0,67,39,20,0,0,0,303,33
"Lewiston-Auburn, ME","30340",2005,171,153,16,2,0,0,0,150,51,29,0,0,140,0,31
"Lexington, NE","30420",2005,61,45,16,0,0,0,0,87,64,38,0,0,0,0,61
"Lexington-Fayette, KY","30460",2005,362,206,130,25,1,0,0,162,93,46,0,98,173,91,0
"Lima, OH","30620",2005,238,147,68,21,2,0,0,159,100,44,0,0,210,0,28
"Lincoln, NE","30700",2005,363,329,33,1,0,0,0,101,50,31,100,0,185,78,0
"Little Rock-North Little Rock-Conway, AR","30780",2005,365,125,196,40,4,0,0,169,101,61,0,7,154,204,0
"Logan, UT-ID","30860",2005,365,221,106,23,15,0,0,167,105,47,0,78,144,139,4
"London, KY","30940",2005,71,30,39,1,1,0,0,152,80,54,0,0,0,68,3
"Longview, TX","30980",2005,364,241,91,28,4,0,0,172,100,41,0,18,317,29,0
"Longview, WA","31020",2005,310,275,35,0,0,0,0,100,54,18,0,0,0,300,10
"Los Alamos, NM","31060",2005,115,115,0,0,0,0,0,44,20,10,0,0,0,115,0
"Los Angeles-Long Beach-Anaheim, CA","31080",2005,365,55,171,78,49,12,0,238,166,84,2,49,185,129,0
"Louisville/Jefferson County, KY-IN","31140",2005,365,89,214,55,7,0,0,182,126,62,0,8,116,241,0
"Lubbock, TX","31180",2005,171,130,41,0,0,0,0,81,56,33,0,0,0,171,0
"Ludington, MI","31220",2005,175,125,38,10,2,0,0,187,93,41,0,0,175,0,0
"Lumberton, NC","31300",2005,117,63,54,0,0,0,0,98,70,47,0,0,0,117,0
"Lynchburg, VA","31340",2005,121,65,54,2,0,0,0,107,81,48,0,0,0,121,0
"Macon, GA","31420",2005,363,144,189,28,2,0,0,177,94,55,0,0,128,235,0
"Madera, CA","31460",2005,362,265,79,18,0,0,0,136,87,40,0,74,288,0,0
"Madison, WI","31540",2005,259,145,96,18,0,0,0,150,93,46,0,0,170,89,0
"Malone, NY","31660",2005,358,309,35,12,2,0,0,156,61,19,0,0,181,0,177
"Manchester-Nashua, NH","31700",2005,365,276,70,15,4,0,0,177,74,40,16,96,188,65,0
"Manhattan, KS","31740",2005,363,263,82,17,1,0,0,154,80,41,0,0,363,0,0
"Manitowoc, WI","31820",2005,239,152,62,16,7,2,0,205,103,42,0,2,161,76,0
"Marietta, OH","31930",2005,234,140,64,24,6,0,0,179,108,48,0,0,211,0,23
"Marion, NC","32000",2005,121,45,74,2,0,0,0,110,82,55,0,0,0,121,0
"Marshall, MN","32140",2005,222,161,58,3,0,0,0,115,69,42,0,0,114,108,0
"Marshall, TX","32220",2005,362,189,151,21,1,0,0,154,92,49,0,0,186,176,0
"Mason City, IA","32380",2005,365,308,56,1,0,0,0,105,54,29,0,0,0,0,365
"Mayaguez, PR","32420",2005,106,89,17,0,0,0,0,83,56,24,0,0,0,106,0
"McAlester, OK","32540",2005,357,254,98,5,0,0,0,115,77,43,0,0,294,60,3
"McAllen-Edinburg-Mission, TX","32580",2005,365,219,139,7,0,0,0,122,75,46,0,0,114,245,6
"Medford, OR","32780",2005,365,233,121,10,1,0,0,151,80,44,3,0,138,222,2
"Memphis, TN-MS-AR","32820",2005,365,95,196,61,12,1,0,202,126,62,0,3,149,211,2
"Merced, CA","32900",2005,364,231,89,42,2,0,0,169,108,43,0,47,267,48,2
"Meridian, MS","32940",2005,279,161,103,14,1,0,0,156,87,47,0,0,194,85,0
"Miami, OK","33060",2005,365,234,116,15,0,0,0,140,87,44,0,40,245,27,53
"Miami-Fort Lauderdale-West Palm Beach, FL","33100",2005,365,163,193,8,1,0,0,160,77,52,0,12,96,257,0
"Michigan City-La Porte, IN","33140",2005,241,111,102,24,4,0,0,179,105,53,0,0,161,80,0
"Middlesborough, KY","33180",2005,234,133,90,11,0,0,0,136,81,48,0,0,190,44,0
"Milwaukee-Waukesha-West Allis, WI","33340",2005,365,216,108,28,11,2,0,205,104,45,4,76,169,93,23
"Minneapolis-St. Paul-Bloomington, MN-WI","33460",2005,365,155,187,16,7,0,0,161,86,54,0,4,130,228,3
"Missoula, MT","33540",2005,342,300,37,2,3,0,0,162,55,21,67,0,0,116,159
"Mobile, AL","33660",2005,342,218,117,6,1,0,0,154,84,44,0,0,177,78,87
"Modesto, CA","33700",2005,365,242,83,32,8,0,0,172,105,42,2,85,223,53,2
"Monroe, LA","33740",2005,362,229,105,27,1,0,0,154,97,44,0,0,297,65,0
"Monroe, MI","33780",2005,115,50,57,6,2,0,0,160,90,52,0,0,0,115,0
"Montgomery, AL","33860",2005,285,168,114,3,0,0,0,133,79,48,0,0,183,102,0
"Morehead City, NC","33980",2005,359,287,70,2,0,0,0,143,67,38,0,0,359,0,0
"Morgan City, LA","34020",2005,358,270,70,18,0,0,0,136,87,39,0,0,358,0,0
"Morgantown, WV","34060",2005,261,142,103,15,1,0,0,161,93,47,0,0,166,95,0
"Morristown, TN","34100",2005,240,120,87,30,3,0,0,200,112,51,0,0,240,0,0
"Moscow, ID","34140",2005,353,348,5,0,0,0,0,71,31,15,0,0,0,353,0
"Moses Lake, WA","34180",2005,365,335,30,0,0,0,0,68,46,24,0,0,0,365,0
"Mount Vernon, IL","34500",2005,216,123,82,11,0,0,0,136,93,48,0,0,196,20,0
"Mount Vernon, OH","34540",2005,213,128,66,17,2,0,0,190,100,46,0,0,213,0,0
"Mount Vernon-Anacortes, WA","34580",2005,365,364,1,0,0,0,0,61,39,28,0,34,303,28,0
"Mountain Home, ID","34300",2005,152,104,48,0,0,0,0,84,67,47,0,0,152,0,0
"Muncie, IN","34620",2005,216,93,99,21,3,0,0,182,103,55,0,0,133,83,0
"Muscatine, IA","34700",2005,304,236,63,5,0,0,0,121,64,28,0,0,0,111,193
"Muskegon, MI","34740",2005,239,148,61,20,9,1,0,208,108,46,0,0,163,76,0
"Muskogee, OK","34780",2005,338,263,72,3,0,0,0,106,62,33,0,0,0,104,234
"Myrtle Beach-Conway-North Myrtle Beach, SC-NC","34820",2005,119,64,54,1,0,0,0,121,72,49,0,0,0,119,0
"Napa, CA","34900",2005,365,361,4,0,0,0,0,90,41,31,3,81,278,0,3
"Naples-Immokalee-Marco Island, FL","34940",2005,363,271,90,2,0,0,0,119,58,39,0,0,152,211,0
"Nashville-Davidson--Murfreesboro--Franklin, TN","34980",2005,365,93,217,49,6,0,0,179,112,61,1,7,122,235,0
"Natchez, MS-LA","35020",2005,284,162,112,10,0,0,0,126,90,48,0,0,203,81,0
"New Castle, IN","35220",2005,111,47,58,5,1,0,0,155,87,53,0,0,0,111,0
"New Castle, PA","35260",2005,365,288,65,11,1,0,0,154,77,39,0,169,165,0,31
"New Haven-Milford, CT","35300",2005,365,181,150,26,7,1,0,203,100,51,1,76,97,191,0
"New Orleans-Metairie, LA","35380",2005,365,130,201,31,3,0,0,159,100,57,1,10,166,188,0
"New York-Newark-Jersey City, NY-NJ-PA","35620",2005,365,84,210,49,19,3,0,217,129,63,0,91,119,154,1
"Niles-Benton Harbor, MI","35660",2005,239,117,90,27,5,0,0,177,112,51,0,0,168,71,0
"Nogales, AZ","35700",2005,304,156,118,21,9,0,0,199,100,49,0,0,0,33,271
"North Platte, NE","35820",2005,105,88,16,1,0,0,0,102,55,23,0,0,0,105,0
"North Port-Sarasota-Bradenton, FL","35840",2005,365,260,85,19,1,0,0,151,84,42,0,4,317,32,12
"Norwich-New London, CT","35980",2005,237,157,64,13,3,0,0,169,87,45,0,0,165,72,0
"Ocala, FL","36100",2005,363,281,74,8,0,0,0,136,71,38,0,0,305,58,0
"Odessa, TX","36220",2005,365,308,57,0,0,0,0,85,54,31,0,0,0,365,0
"Ogden-Clearfield, UT","36260",2005,365,200,132,25,7,1,0,203,95,49,7,155,164,29,10
"Ogdensburg-Massena, NY","36300",2005,111,87,24,0,0,0,0,98,63,24,0,0,0,111,0
"Oklahoma City, OK","36420",2005,365,182,150,30,3,0,0,172,100,51,0,38,206,120,1
"Olympia-Tumwater, WA","36500",2005,365,278,85,2,0,0,0,130,65,34,0,0,102,263,0
"Omaha-Council Bluffs, NE-IA","36540",2005,365,144,200,21,0,0,0,143,90,55,0,0,106,173,86
"Orlando-Kissimmee-Sanford, FL","36740",2005,365,192,152,16,5,0,0,182,84,49,1,5,160,199,0
"Othello, WA","36830",2005,365,352,13,0,0,0,0,63,38,22,0,0,0,365,0
"Ottawa-Peru, IL","36860",2005,365,297,66,2,0,0,0,130,58,28,0,0,0,105,260
"Owensboro, KY","36980",2005,364,206,120,36,2,0,0,154,101,46,0,62,193,84,25
"Oxford, NC","37080",2005,213,90,78,42,3,0,0,172,122,58,0,0,213,0,0
"Oxnard-Thousand Oaks-Ventura, CA","37100",2005,365,183,120,55,7,0,0,187,119,50,0,30,302,33,0
"Paducah, KY-IL","37140",2005,365,221,117,26,1,0,0,154,89,45,0,66,187,87,25
"Pahrump, NV","37220",2005,362,334,28,0,0,0,0,79,47,23,0,0,0,0,362
"Palatka, FL","37260",2005,326,320,6,0,0,0,0,57,35,21,0,0,0,0,326
"Palm Bay-Melbourne-Titusville, FL","37340",2005,365,307,51,7,0,0,0,126,61,38,0,0,323,35,7
"Panama City, FL","37460",2005,360,251,94,15,0,0,0,147,80,42,0,0,300,49,11
"Parkersburg-Vienna, WV","37620",2005,260,136,104,17,3,0,0,169,97,50,0,0,170,90,0
"Payson, AZ","37740",2005,272,111,127,32,2,0,0,182,108,58,0,0,209,42,21
"Pensacola-Ferry Pass-Brent, FL","37860",2005,364,145,185,33,1,0,0,154,100,55,0,0,154,210,0
"Peoria, IL","37900",2005,365,241,108,16,0,0,0,133,84,42,27,0,266,72,0
"Philadelphia-Camden-Wilmington, PA-NJ-DE-MD","37980",2005,365,96,207,40,21,1,0,206,129,63,0,34,137,192,2
"Phoenix-Mesa-Scottsdale, AZ","38060",2005,365,49,225,80,11,0,0,177,126,80,1,53,173,15,123
"Picayune, MS","38100",2005,103,56,46,1,0,0,0,106,67,46,0,0,0,103,0
"Pittsburgh, PA","38300",2005,365,86,194,58,26,1,0,204,134,67,0,15,92,255,3
"Pittsfield, MA","38340",2005,230,130,77,18,5,0,0,164,101,48,0,0,142,88,0
"Platteville, WI","38420",2005,122,71,47,4,0,0,0,114,78,41,0,0,0,122,0
"Pocatello, ID","38540",2005,365,250,109,4,2,0,0,165,64,38,0,0,0,340,25
"Ponca City, OK","38620",2005,365,235,107,23,0,0,0,150,93,44,0,0,257,42,66
"Ponce, PR","38660",2005,119,85,34,0,0,0,0,77,61,35,0,0,0,68,51
"Port Angeles, WA","38820",2005,365,275,89,1,0,0,0,111,63,33,0,0,95,270,0
"Port St. Lucie, FL","38940",2005,352,262,87,3,0,0,0,121,64,40,0,5,180,167,0
"Portland-South Portland, ME","38860",2005,365,293,56,15,1,0,0,159,67,39,0,129,211,17,8
"Portland-Vancouver-Hillsboro, OR-WA","38900",2005,365,223,127,12,3,0,0,156,80,42,1,2,109,251,2
"Portsmouth, OH","39020",2005,365,257,104,4,0,0,0,133,69,33,0,0,0,112,253
"Pottsville, PA","39060",2005,358,358,0,0,0,0,0,24,10,3,358,0,0,0,0
"Prescott, AZ","39140",2005,158,105,41,12,0,0,0,119,90,18,0,0,58,78,22
"Providence-Warwick, RI-MA","39300",2005,365,206,131,20,8,0,0,182,87,48,1,36,130,197,1
"Provo-Orem, UT","39340",2005,365,221,122,18,3,1,0,207,90,46,0,134,135,91,5
"Pueblo, CO","39380",2005,124,119,5,0,0,0,0,63,43,29,0,0,0,104,20
"Pullman, WA","39420",2005,365,353,12,0,0,0,0,60,36,21,0,0,0,365,0
"Quincy, IL-MO","39500",2005,365,264,86,15,0,0,0,122,87,39,0,0,335,30,0
"Racine, WI","39540",2005,185,131,34,13,7,0,0,182,105,42,0,0,185,0,0
"Raleigh, NC","39580",2005,365,148,171,40,6,0,0,182,108,55,0,0,166,199,0
"Rapid City, SD","39660",2005,365,221,140,4,0,0,0,122,69,47,0,0,249,25,91
"Reading, PA","39740",2005,365,241,101,20,3,0,0,169,87,42,0,141,135,85,4
"Red Bluff, CA","39780",2005,295,188,74,32,1,0,0,151,101,43,0,0,280,0,15
"Red Wing, MN","39860",2005,176,115,56,5,0,0,0,143,84,46,0,0,176,0,0
"Redding, CA","39820",2005,365,277,70,15,3,0,0,159,84,43,0,0,355,10,0
"Reno, NV","39900",2005,365,166,191,7,1,0,0,155,84,52,0,26,222,23,94
"Richmond, VA","40060",2005,365,140,179,38,8,0,0,200,112,55,0,52,131,182,0
"Richmond-Berea, KY","40080",2005,124,57,66,1,0,0,0,118,78,52,0,0,0,115,9
"Riverside-San Bernardino-Ontario, CA","40140",2005,365,46,141,85,63,30,0,242,192,100,0,37,214,110,4
"Riverton, WY","40180",2005,123,99,23,1,0,0,0,105,65,21,0,0,0,79,44
"Roanoke, VA","40220",2005,365,222,127,16,0,0,0,129,84,43,20,91,154,96,4
"Rochester, MN","40340",2005,359,218,130,9,2,0,0,152,75,46,0,0,122,237,0
"Rochester, NY","40380",2005,365,287,65,13,0,0,0,147,75,34,9,0,284,72,0
"Rock Springs, WY","40540",2005,365,336,27,1,1,0,0,193,46,20,0,0,0,0,365
"Rockford, IL","40420",2005,365,278,77,10,0,0,0,135,76,35,18,0,311,36,0
"Rockland, ME","40500",2005,162,140,15,6,1,0,0,192,64,37,0,0,162,0,0
"Rocky Mount, NC","40580",2005,264,146,100,17,1,0,0,156,87,48,0,0,181,82,1
"Rome, GA","40660",2005,121,31,84,6,0,0,0,116,82,61,0,0,0,120,1
"Roseburg, OR","40700",2005,128,88,40,0,0,0,0,89,68,39,0,0,0,128,0
"Roswell, NM","40740",2005,124,113,11,0,0,0,0,62,48,25,0,0,0,119,5
"Ruidoso, NM","40760",2005,112,112,0,0,0,0,0,47,28,11,0,0,0,112,0
"Russellville, AR","40780",2005,113,50,63,0,0,0,0,99,75,53,0,0,0,113,0
"Rutland, VT","40860",2005,365,323,40,2,0,0,0,107,54,25,5,260,0,98,2
"Sacramento--Roseville--Arden-Arcade, CA","40900",2005,365,103,170,50,36,6,0,213,154,68,0,5,200,160,0
"Safford, AZ","40940",2005,53,53,0,0,0,0,0,46,31,20,0,0,0,0,53
"Saginaw, MI","40980",2005,114,72,38,4,0,0,0,125,75,38,0,0,0,114,0
"Salem, OH","41400",2005,61,55,6,0,0,0,0,73,50,26,0,0,0,0,61
"Salem, OR","41420",2005,365,293,65,7,0,0,0,133,63,32,14,0,144,207,0
"Salinas, CA","41500",2005,365,351,14,0,0,0,0,84,45,35,0,26,322,13,4
"Salisbury, MD-DE","41540",2005,263,131,102,23,6,1,0,206,105,51,0,0,194,69,0
"Salt Lake City, UT","41620",2005,365,169,136,52,8,0,0,187,117,53,0,101,120,128,16
"San Antonio-New Braunfels, TX","41700",2005,365,198,140,23,4,0,0,164,93,49,0,35,191,138,1
"San Diego-Carlsbad, CA","41740",2005,365,83,227,50,5,0,0,159,111,67,0,63,208,89,5
"San Francisco-Oakland-Hayward, CA","41860",2005,365,200,144,19,2,0,0,161,88,48,0,15,134,216,0
"San Jose-Sunnyvale-Santa Clara, CA","41940",2005,365,196,145,23,1,0,0,154,93,48,0,14,216,135,0
"San Juan-Carolina-Caguas, PR","41980",2005,365,288,77,0,0,0,0,87,58,37,49,5,5,181,125
"San Luis Obispo-Paso Robles-Arroyo Grande, CA","42020",2005,365,283,77,5,0,0,0,150,67,41,0,17,332,14,2
"Sandpoint, ID","41760",2005,339,327,12,0,0,0,0,62,30,14,0,0,0,0,339
"Santa Cruz-Watsonville, CA","42100",2005,365,351,14,0,0,0,0,87,44,34,0,2,348,11,4
"Santa Fe, NM","42140",2005,365,363,2,0,0,0,0,52,28,15,41,0,0,319,5
"Santa Maria-Santa Barbara, CA","42200",2005,365,233,119,13,0,0,0,140,84,47,0,2,345,17,1
"Santa Rosa, CA","42220",2005,365,344,21,0,0,0,0,96,44,31,1,54,274,36,0
"Sault Ste. Marie, MI","42300",2005,125,98,26,1,0,0,0,126,67,29,0,0,0,125,0
"Savannah, GA","42340",2005,365,155,205,5,0,0,0,138,77,53,0,0,68,296,1
"Scottsbluff, NE","42420",2005,121,117,4,0,0,0,0,68,38,19,0,0,0,121,0
"Scottsboro, AL","42460",2005,31,31,0,0,0,0,0,39,35,28,0,7,24,0,0
"Scranton--Wilkes-Barre--Hazleton, PA","42540",2005,365,173,166,24,2,0,0,161,91,52,0,27,132,206,0
"Searcy, AR","42620",2005,116,56,56,4,0,0,0,131,83,53,0,0,0,116,0
"Seattle-Tacoma-Bellevue, WA","42660",2005,365,165,175,24,1,0,0,154,91,53,0,7,74,284,0
"Sebastian-Vero Beach, FL","42680",2005,343,285,52,6,0,0,0,136,71,38,0,0,343,0,0
"Sebring, FL","42700",2005,358,314,39,5,0,0,0,112,58,37,0,0,358,0,0
"Seneca, SC","42860",2005,359,269,81,8,1,0,0,156,72,42,0,0,315,44,0
"Sevierville, TN","42940",2005,361,204,125,29,3,0,0,156,100,47,0,0,361,0,0
"Seymour, IN","42980",2005,183,91,69,23,0,0,0,150,108,51,0,0,183,0,0
"Sheboygan, WI","43100",2005,202,140,34,17,9,2,0,205,126,42,0,0,185,0,17
"Shelton, WA","43220",2005,365,306,59,0,0,0,0,86,56,27,0,0,0,365,0
"Sheridan, WY","43260",2005,246,184,61,1,0,0,0,106,61,32,0,0,0,65,181
"Show Low, AZ","43320",2005,332,217,112,3,0,0,0,140,77,44,0,0,313,14,5
"Shreveport-Bossier City, LA","43340",2005,365,181,157,25,2,0,0,161,93,51,0,0,197,168,0
"Sierra Vista-Douglas, AZ","43420",2005,355,235,116,4,0,0,0,108,77,46,0,0,322,23,10
"Silver City, NM","43500",2005,298,229,65,4,0,0,0,115,71,42,0,0,260,35,3
"Sioux City, IA-NE-SD","43580",2005,124,84,39,1,0,0,0,130,67,37,0,0,0,115,9
"Sioux Falls, SD","43620",2005,365,285,78,2,0,0,0,105,66,38,0,19,264,72,10
"Somerset, KY","43700",2005,263,176,76,11,0,0,0,126,84,44,0,0,243,0,20
"Somerset, PA","43740",2005,362,290,61,10,1,0,0,154,71,36,0,0,362,0,0
"Sonora, CA","43760",2005,365,264,81,19,1,0,0,159,87,41,8,0,357,0,0
"South Bend-Mishawaka, IN-MI","43780",2005,333,180,114,33,6,0,0,177,105,47,0,95,165,73,0
"Spartanburg, SC","43900",2005,354,143,175,34,2,0,0,151,101,56,0,0,129,221,4
"Spokane-Spokane Valley, WA","44060",2005,365,187,168,10,0,0,0,107,81,50,1,0,126,226,12
"Springfield, IL","44100",2005,365,260,90,15,0,0,0,126,83,37,9,0,317,39,0
"Springfield, MA","44140",2005,365,184,150,22,9,0,0,197,97,50,0,6,213,146,0
"Springfield, MO","44180",2005,365,252,100,13,0,0,0,143,80,41,5,121,163,76,0
"Springfield, OH","44220",2005,262,120,113,24,5,0,0,177,105,57,0,0,185,77,0
"St. Cloud, MN","41060",2005,365,283,79,2,1,0,0,153,62,36,12,0,140,213,0
"St. George, UT","41100",2005,355,233,101,17,3,1,0,204,84,46,0,0,353,2,0
"St. Joseph, MO-KS","41140",2005,121,61,58,2,0,0,0,107,73,50,0,0,0,103,18
"St. Louis, MO-IL","41180",2005,365,44,240,53,26,2,0,205,140,75,0,12,117,155,81
"St. Marys, PA","41260",2005,344,283,50,11,0,0,0,129,71,37,0,0,344,0,0
"State College, PA","44300",2005,365,179,160,23,3,0,0,161,94,51,0,5,182,178,0
"Steamboat Springs, CO","44460",2005,329,312,17,0,0,0,0,66,38,17,0,0,0,14,315
"Stockton-Lodi, CA","44700",2005,365,281,69,13,2,0,0,155,71,40,3,110,190,58,4
"Summerville, GA","44900",2005,261,190,57,14,0,0,0,150,80,43,0,0,243,0,18
"Syracuse, NY","45060",2005,365,278,65,20,2,0,0,166,84,42,9,0,329,27,0
"Tahlequah, OK","45140",2005,365,252,101,12,0,0,0,133,80,44,0,53,265,25,22
"Talladega-Sylacauga, AL","45180",2005,281,204,75,2,0,0,0,110,68,41,0,0,175,105,1
"Tallahassee, FL","45220",2005,365,142,209,12,2,0,0,161,84,55,0,0,101,264,0
"Tampa-St. Petersburg-Clearwater, FL","45300",2005,365,119,206,35,5,0,0,176,104,56,0,0,135,222,8
"Taos, NM","45340",2005,356,352,4,0,0,0,0,62,30,16,0,0,0,318,38
"Terre Haute, IN","45460",2005,244,127,100,17,0,0,0,150,97,50,0,0,153,91,0
"Texarkana, TX-AR","45500",2005,117,66,50,1,0,0,0,101,73,47,0,0,0,117,0
"The Dalles, OR","45520",2005,360,307,53,0,0,0,0,99,57,19,0,0,0,360,0
"Toledo, OH","45780",2005,365,218,111,30,5,1,0,203,100,44,0,0,176,82,107
"Topeka, KS","45820",2005,121,76,44,1,0,0,0,112,68,42,0,0,0,118,3
"Torrington, CT","45860",2005,300,225,51,17,7,0,0,185,87,39,0,0,251,49,0
"Traverse City, MI","45900",2005,183,121,39,18,5,0,0,177,115,44,0,0,183,0,0
"Trenton, NJ","45940",2005,365,250,88,19,8,0,0,185,87,44,0,80,232,52,1
"Troy, AL","45980",2005,56,55,1,0,0,0,0,51,31,19,0,0,0,0,56
"Truckee-Grass Valley, CA","46020",2005,365,188,113,44,18,2,0,216,126,50,0,0,303,20,42
"Tucson, AZ","46060",2005,365,195,152,16,2,0,0,154,84,49,0,12,282,21,50
"Tullahoma-Manchester, TN","46100",2005,59,59,0,0,0,0,0,47,39,31,0,2,57,0,0
"Tulsa, OK","46140",2005,365,164,157,38,6,0,0,177,101,53,0,5,208,151,1
"Tupelo, MS","46180",2005,364,163,179,22,0,0,0,140,87,53,0,0,106,258,0
"Tuscaloosa, AL","46220",2005,274,158,106,9,1,0,0,164,81,47,0,0,182,92,0
"Twin Falls, ID","46300",2005,326,292,32,2,0,0,0,114,52,27,0,0,0,326,0
"Tyler, TX","46340",2005,365,247,86,31,1,0,0,156,100,43,0,7,358,0,0
"Ukiah, CA","46380",2005,365,357,8,0,0,0,0,69,43,32,2,35,310,12,6
"Urban Honolulu, HI","46520",2005,365,355,7,2,1,0,0,168,37,24,3,14,205,83,60
"Utica-Rome, NY","46540",2005,361,321,36,4,0,0,0,133,51,36,0,0,361,0,0
"Valdosta, GA","46660",2005,55,31,24,0,0,0,0,88,70,47,0,0,0,55,0
"Vallejo-Fairfield, CA","46700",2005,365,244,106,15,0,0,0,145,79,41,0,10,176,179,0
"Vernal, UT","46860",2005,45,45,0,0,0,0,0,19,13,5,0,0,0,0,45
"Vicksburg, MS","46980",2005,109,60,46,3,0,0,0,137,70,47,0,0,0,109,0
"Victoria, TX","47020",2005,357,294,57,6,0,0,0,147,67,34,0,0,357,0,0
"Vincennes, IN","47180",2005,351,237,92,22,0,0,0,140,84,44,0,0,272,79,0
"Vineland-Bridgeton, NJ","47220",2005,356,290,44,19,2,1,0,204,80,35,0,0,356,0,0
"Vineyard Haven, MA","47240",2005,226,176,30,16,3,1,0,201,90,41,0,0,157,69,0
"Virginia Beach-Norfolk-Newport News, VA-NC","47260",2005,365,171,174,19,1,0,0,151,87,52,11,1,149,204,0
"Visalia-Porterville, CA","47300",2005,365,74,142,79,66,4,0,207,161,84,0,1,204,160,0
"Wabash, IN","47340",2005,358,274,67,17,0,0,0,126,84,37,0,0,358,0,0
"Walla Walla, WA","47460",2005,365,297,66,2,0,0,0,125,62,29,0,0,0,221,144
"Walterboro, SC","47500",2005,284,226,50,8,0,0,0,126,74,37,0,0,284,0,0
"Warner Robins, GA","47580",2005,56,27,29,0,0,0,0,93,71,51,0,0,0,56,0
"Washington Court House, OH","47920",2005,353,261,64,26,2,0,0,156,93,38,0,0,353,0,0
"Washington-Arlington-Alexandria, DC-VA-MD-WV","47900",2005,365,111,195,41,18,0,0,187,126,60,0,49,138,172,6
"Waterloo-Cedar Falls, IA","47940",2005,253,170,78,5,0,0,0,145,76,44,0,0,179,72,2
"Watertown, SD","47980",2005,123,85,38,0,0,0,0,82,68,36,0,0,0,119,4
"Watertown-Fort Atkinson, WI","48020",2005,185,116,52,16,1,0,0,159,100,45,0,0,185,0,0
"Watertown-Fort Drum, NY","48060",2005,217,164,36,14,3,0,0,187,93,41,0,0,217,0,0
"Wausau, WI","48140",2005,186,143,37,5,1,0,0,156,80,43,0,0,186,0,0
"Weatherford, OK","48220",2005,25,24,1,0,0,0,0,51,30,17,0,0,0,0,25
"Weirton-Steubenville, WV-OH","48260",2005,365,204,129,28,4,0,0,172,97,46,23,0,155,102,85
"Wenatchee, WA","48300",2005,349,258,89,2,0,0,0,115,64,30,0,0,0,349,0
"Wheeling, WV-OH","48540",2005,264,114,117,28,5,0,0,179,108,55,0,0,175,89,0
"Whitewater-Elkhorn, WI","48580",2005,186,114,50,20,2,0,0,161,105,46,0,0,186,0,0
"Wichita Falls, TX","48660",2005,288,225,63,0,0,0,0,85,64,35,0,0,0,288,0
"Wichita, KS","48620",2005,365,230,118,17,0,0,0,147,87,45,3,44,247,53,18
"Williamsport, PA","48700",2005,234,153,57,22,2,0,0,156,101,44,0,0,214,0,20
"Wilmington, NC","48900",2005,258,178,71,9,0,0,0,147,74,42,0,0,179,79,0
"Wilmington, OH","48940",2005,214,113,65,33,3,0,0,179,119,49,0,0,214,0,0
"Winchester, VA-WV","49020",2005,238,159,64,15,0,0,0,136,87,44,0,0,209,0,29
"Winona, MN","49100",2005,119,92,24,2,1,0,0,152,63,27,0,0,0,119,0
"Winston-Salem, NC","49180",2005,365,138,192,32,3,0,0,159,100,56,2,20,112,225,6
"Worcester, MA-CT","49340",2005,365,226,117,18,4,0,0,195,87,45,0,17,195,151,2
"Yakima, WA","49420",2005,365,281,70,13,1,0,0,151,76,25,1,0,0,338,26
"York-Hanover, PA","49620",2005,365,204,123,31,7,0,0,179,101,47,1,126,158,76,4
"Youngstown-Warren-Boardman, OH-PA","49660",2005,365,139,180,39,7,0,0,177,110,55,0,0,165,200,0
"Yuba City, CA","49700",2005,365,201,136,28,0,0,0,143,93,48,0,23,219,122,1
"Yuma, AZ","49740",2005,316,188,113,15,0,0,0,140,80,46,0,10,176,0,130
